entity,n_rows,sample_pcc,sample_pcc_median,log2_rmse,log2_mae,r2,axis,fold_id,candidate
WAY_B-1_P17,40,0.9935341656374772,0.9937143103312648,0.343713163525413,0.2385704006621999,0.9856916634980196,plate,0,e1a__seed20260810
WAY_B-1_P20,38,0.9954229966116662,0.9956229295902324,0.281625735443412,0.1962148098017967,0.990235712775234,plate,0,e1a__seed20260810
WAY_B-2_P19,39,0.9938646294952048,0.9938289793169028,0.3201060162677509,0.2145315333456041,0.9870057870472136,plate,0,e1a__seed20260810
WAY_BP12,38,0.9923033415807688,0.9923092914591284,0.3437464876371732,0.2494593379430129,0.9835881585587982,plate,0,e1a__seed20260810
WAY_BP18,37,0.98762821545169,0.9877713293586706,0.4496670240228007,0.3354430120114624,0.9716050658014308,plate,0,e1a__seed20260810
WAY_CP1,34,0.9900191132534982,0.991096884508865,0.3942306495731138,0.2762367761417925,0.9785701900734134,plate,0,e1a__seed20260810
WAY_CP10,35,0.9902524654449684,0.9928521767290314,0.3539394454252565,0.2409348593221093,0.979472611871924,plate,0,e1a__seed20260810
WAY_CP22,34,0.98592148974724,0.987716068519304,0.4407737330293774,0.3035105207540888,0.9701856430166952,plate,0,e1a__seed20260810
WAY_CP36,71,0.9806416370512726,0.9828689070392264,0.5484441006457524,0.3979484545743993,0.956955587846532,plate,0,e1a__seed20260810
WAY_CP43,65,0.9911644348697566,0.993594780982377,0.3531975612990877,0.2384617291900252,0.9809219651454212,plate,0,e1a__seed20260810
WAY_CP54,33,0.9891769330911356,0.9895725740568738,0.4030856519457252,0.2926768802584548,0.9774557959517198,plate,0,e1a__seed20260810
WAY_CP6,31,0.9876121556768216,0.9899930141121364,0.4248865025830742,0.3002866374310588,0.9722392686904396,plate,0,e1a__seed20260810
WAY_B-1_P15,40,0.9939391006796792,0.9940824555413972,0.3237990875653964,0.2138479871007337,0.9872287945276635,plate,1,e1a__seed20260810
WAY_B-1_P18,38,0.985602065175109,0.9861556051932442,0.4880669530954685,0.3567632344701751,0.9707494671818452,plate,1,e1a__seed20260810
WAY_B-2_P18,39,0.988320224344697,0.9888607119630212,0.4369223911660032,0.3169603010846646,0.9757044030665326,plate,1,e1a__seed20260810
WAY_BP1,37,0.9946199031281,0.995001179835498,0.2834756744573546,0.1970486194188832,0.9886280864970166,plate,1,e1a__seed20260810
WAY_BP10,38,0.9939785015102912,0.9940341223267416,0.2966754486007908,0.2050630116376335,0.9873712044649186,plate,1,e1a__seed20260810
WAY_BP8,36,0.9925004422383265,0.9925479174791424,0.3289021355768169,0.2274341093995834,0.9844073626047084,plate,1,e1a__seed20260810
WAY_CP12,34,0.985436097616574,0.9899473723377864,0.4434647812693079,0.3068285114458391,0.9669494261946328,plate,1,e1a__seed20260810
WAY_CP3,34,0.9889964649081826,0.9917762662072234,0.3746167644436669,0.2572820362065411,0.97635101549773,plate,1,e1a__seed20260810
WAY_CP45,64,0.9891754274565344,0.9938078397501868,0.3792467301564514,0.255745978679978,0.9758567076725856,plate,1,e1a__seed20260810
WAY_CP46,71,0.9929432332366636,0.9950188469778852,0.313267752001256,0.2085263118329317,0.983328183068538,plate,1,e1a__seed20260810
WAY_CP55,33,0.9768323417507316,0.977840781015456,0.5818053057747857,0.4017911184311217,0.9522918896874352,plate,1,e1a__seed20260810
WAY_CP62,31,0.9941432381123908,0.9948260434692616,0.3083633681905985,0.2107623361405872,0.9868823470813304,plate,1,e1a__seed20260810
WAY_B-1_P13,40,0.9921288877205856,0.9922046340547754,0.3651018715563144,0.2383681809290162,0.9837237995214692,plate,2,e1a__seed20260810
WAY_B-1_P16,38,0.9941510702821894,0.9945482627451004,0.3155220000579874,0.2177629653653774,0.9879352373584446,plate,2,e1a__seed20260810
WAY_B-2_P12,39,0.9915584727748452,0.9914902535759056,0.3722169462467205,0.2597820101640911,0.9822695356936112,plate,2,e1a__seed20260810
WAY_B-2_P5,37,0.9941477478717788,0.9943422656062726,0.3122293610837643,0.2129756772757004,0.9878304144627934,plate,2,e1a__seed20260810
WAY_B-2_P9,38,0.9919463717208458,0.9926314553258192,0.3573870258432717,0.2433958101329997,0.9831684799005702,plate,2,e1a__seed20260810
WAY_BP5,36,0.9914950688105292,0.9915416495091546,0.3591008415709685,0.2514928636005554,0.9819952575276012,plate,2,e1a__seed20260810
WAY_CP19,35,0.977867526782874,0.9769461259538064,0.5550126172170985,0.4011570622966968,0.9529021572753038,plate,2,e1a__seed20260810
WAY_CP42,63,0.9857634548516344,0.989329728301062,0.4499174419016238,0.3124037318500287,0.9689297038908724,plate,2,e1a__seed20260810
WAY_CP47,71,0.9933936564434356,0.9958144816444804,0.3004570423487073,0.1964587724925089,0.9849590459356112,plate,2,e1a__seed20260810
WAY_CP53,34,0.9926900888272088,0.9930668528482238,0.3366727951859025,0.2404061914901146,0.9843136565294244,plate,2,e1a__seed20260810
WAY_CP59,33,0.9907656641632864,0.992042047357396,0.3701602271338376,0.2439382579551855,0.9805196921804312,plate,2,e1a__seed20260810
WAY_CP63,31,0.9941183552155772,0.9945934585086154,0.2993538800611872,0.2020085045757131,0.987788922368595,plate,2,e1a__seed20260810
WAY_B-2_P20,38,0.9959338686008776,0.996030391821646,0.2583189638798594,0.1790755764357585,0.9913274446089154,plate,3,e1a__seed20260810
WAY_B-2_P4,40,0.9929818535441236,0.9932596732925488,0.341873730781092,0.2367096836521969,0.9852351878511822,plate,3,e1a__seed20260810
WAY_BP14,39,0.9924965502458042,0.9928822164511,0.3332525641094089,0.2337564756507018,0.9841242726004744,plate,3,e1a__seed20260810
WAY_BP2,36,0.9942617780010548,0.9943052956416368,0.2896078430403529,0.1980521419126277,0.9880885864645744,plate,3,e1a__seed20260810
WAY_BP7,38,0.9947070828190095,0.9947452695577076,0.2887980561375425,0.2046168141436807,0.9882991120911058,plate,3,e1a__seed20260810
WAY_CP15,34,0.9650293867563372,0.9667539263153307,0.8574962261885932,0.6662228725808165,0.9082135659667446,plate,3,e1a__seed20260810
WAY_CP16,35,0.970419807303494,0.974776603312248,0.7531010238951711,0.5598825200441482,0.9294488450122382,plate,3,e1a__seed20260810
WAY_CP28,70,0.9914445943352612,0.9929682087644373,0.3569295150981083,0.2486687978435979,0.9813622330371076,plate,3,e1a__seed20260810
WAY_CP29,67,0.9835657369462828,0.98658331974281,0.4821140182581995,0.3495279763872087,0.964802383773928,plate,3,e1a__seed20260810
WAY_CP56,34,0.9921655064111312,0.992421529115876,0.343742643205269,0.2396158001017879,0.9834575612044568,plate,3,e1a__seed20260810
WAY_CP65,33,0.9933823357028552,0.994230979958022,0.3210197657802614,0.2283967792601537,0.9857814548307744,plate,3,e1a__seed20260810
WAY_CP68,31,0.9915300354010708,0.9921261755217315,0.3526981752144121,0.2395829183149621,0.9826414101536256,plate,3,e1a__seed20260810
WAY_B-2_P24,38,0.9922304919221993,0.992652272471811,0.3585264328252133,0.2485828914850867,0.9837216080000636,plate,4,e1a__seed20260810
WAY_B-2_P3,29,0.9939694120607364,0.9946220778804608,0.3145985199728182,0.2150680973537944,0.9873976031142002,plate,4,e1a__seed20260810
WAY_BP11,40,0.9947001398315768,0.99484873160924,0.292194815729816,0.2093002190016157,0.9880178511397826,plate,4,e1a__seed20260810
WAY_BP19,39,0.9924252496407536,0.9926626767512386,0.3359526347236244,0.2322390252542191,0.9841058275947396,plate,4,e1a__seed20260810
WAY_BP4,36,0.9724150052656138,0.9717055951662644,0.5981713968828178,0.4305567071340734,0.9438967505354712,plate,4,e1a__seed20260810
WAY_BP9,38,0.994519573231284,0.994682820711795,0.292721494085708,0.209066626601015,0.9880715099229452,plate,4,e1a__seed20260810
WAY_CP17,35,0.9900722109584712,0.9921205862850924,0.3830961651077311,0.2711352267371109,0.9782005329036622,plate,4,e1a__seed20260810
WAY_CP20,34,0.987405026322583,0.9927527105871544,0.4025271959857595,0.274225160338255,0.9727752387563796,plate,4,e1a__seed20260810
WAY_CP30,70,0.9870453529520108,0.9902043594497322,0.4335570924386611,0.3044278304341529,0.9711959363786647,plate,4,e1a__seed20260810
WAY_CP33,67,0.9903319879467376,0.9921442301153968,0.3784378071909457,0.258053910132739,0.9795929649181148,plate,4,e1a__seed20260810
WAY_CP57,34,0.9926011944987636,0.9930848888406224,0.3303412644831577,0.2301954498208098,0.9845158635582194,plate,4,e1a__seed20260810
WAY_CP67,33,0.9892772373366504,0.9895070047755008,0.4075182147409746,0.2900647684851607,0.9774472394696676,plate,4,e1a__seed20260810
WAY_B-2_P16,37,0.9934332935431428,0.9938297637892678,0.3309203594212349,0.2292187404905533,0.9863099471426556,plate,5,e1a__seed20260810
WAY_B-2_P7,38,0.9949704266633764,0.995265254379208,0.2880900188078689,0.1922114423231606,0.9893411733464932,plate,5,e1a__seed20260810
WAY_BP20,40,0.991210549108849,0.9915120395793784,0.3607511039756103,0.2637703856248232,0.9809630673630998,plate,5,e1a__seed20260810
WAY_BP23,39,0.9928716430186344,0.9928660180795582,0.3267642490188594,0.2292941851079155,0.9848346464997052,plate,5,e1a__seed20260810
WAY_BP3,37,0.9942552281775088,0.9945400846474294,0.2970760754570849,0.2063474142701484,0.987726193830435,plate,5,e1a__seed20260810
WAY_CP18,35,0.984185386186703,0.9877301658686898,0.4826187443937957,0.3392977736247867,0.9655048323553224,plate,5,e1a__seed20260810
WAY_CP21,34,0.9871445055303696,0.9923613799816284,0.385966485965492,0.2637329274053215,0.970683527562802,plate,5,e1a__seed20260810
WAY_CP24,29,0.9847595240408143,0.9871670300890014,0.4707140507651982,0.3338730708097878,0.9673121217189196,plate,5,e1a__seed20260810
WAY_CP38,70,0.9921423388329672,0.9937286460223682,0.3360219173319037,0.232855971661205,0.9825070899325096,plate,5,e1a__seed20260810
WAY_CP44,67,0.991067159556066,0.9926942297631632,0.357385113571447,0.2364621613496283,0.979654364513861,plate,5,e1a__seed20260810
WAY_CP61,34,0.991749469961719,0.9950125449522926,0.3360037775649512,0.2088753604600332,0.9807270326377256,plate,5,e1a__seed20260810
WAY_CP7,33,0.9896098154393652,0.9924474092450584,0.4061758522993349,0.2735714605083443,0.9766596858427788,plate,5,e1a__seed20260810
WAY_B-1_P12,36,0.9900593248171616,0.9917018602253208,0.4103234849513303,0.2828211865758392,0.9791785169395856,plate,6,e1a__seed20260810
WAY_B-1_P14,35,0.9927915205431398,0.9929252201304566,0.3504309884759601,0.2328610528095317,0.9850777699514608,plate,6,e1a__seed20260810
WAY_B-1_P21,28,0.9678479892302516,0.9700549814645238,0.740284556497066,0.501286659019792,0.9330021531184548,plate,6,e1a__seed20260810
WAY_B-1_P24,40,0.990080904210352,0.9905967697094992,0.4117462175176499,0.2916015628776982,0.9791043802146924,plate,6,e1a__seed20260810
WAY_B-1_P6,38,0.991667873678194,0.991846104872753,0.3785111857519631,0.2660652148678781,0.9825958663859644,plate,6,e1a__seed20260810
WAY_B-2_P2,39,0.9933314341960454,0.9934072764276528,0.327976077681436,0.2214843129323627,0.9861299684698244,plate,6,e1a__seed20260810
WAY_BP16,38,0.9933262330535024,0.9935730394812304,0.3160705358594281,0.2166375850101524,0.9855410823684057,plate,6,e1a__seed20260810
WAY_CP2,35,0.990216502210639,0.9928029262007058,0.3630841352018417,0.2525311948600146,0.9787162710007878,plate,6,e1a__seed20260810
WAY_CP27,66,0.9893361424887586,0.991580041331794,0.3899666632031452,0.2668292436439274,0.9763806611964934,plate,6,e1a__seed20260810
WAY_CP39,70,0.9914733085523944,0.9931126345528338,0.3560569291179127,0.2504033558003385,0.981166953571999,plate,6,e1a__seed20260810
WAY_CP64,34,0.9944352737225616,0.9947644167359396,0.2973305826950124,0.213349555920739,0.9879335367475216,plate,6,e1a__seed20260810
WAY_CP70,33,0.9918172647374378,0.9925953714272928,0.3485971596451651,0.233004134185722,0.9830576362390409,plate,6,e1a__seed20260810
WAY_B-1_P19,35,0.9938763804461402,0.9940541873176548,0.3181208643189619,0.222089966480022,0.9872849480474069,plate,7,e1a__seed20260810
WAY_B-1_P22,36,0.9911629160630252,0.9933474436633029,0.3674428198440079,0.2554400417913439,0.9815232335212722,plate,7,e1a__seed20260810
WAY_B-1_P5,28,0.9925576980414624,0.99324146019823,0.3619306811330304,0.2514327557493236,0.9841991868168312,plate,7,e1a__seed20260810
WAY_B-1_P8,38,0.9921682919663812,0.9929642056718332,0.3655269917951291,0.253336048247465,0.9836561571603368,plate,7,e1a__seed20260810
WAY_B-2_P21,39,0.9937999189598664,0.9938671116839292,0.3166906930571581,0.21913450726165,0.9870118966568184,plate,7,e1a__seed20260810
WAY_B-2_P23,40,0.994905806484519,0.995082728746814,0.2902497977978128,0.2000682778087952,0.9892195491544566,plate,7,e1a__seed20260810
WAY_BP17,38,0.9928769157873436,0.9934410567788754,0.3244930174524369,0.2187558710861143,0.984753985400424,plate,7,e1a__seed20260810
WAY_CP23,35,0.9845642418233432,0.9872745766613564,0.469367694995841,0.3399191105379565,0.9657560671115092,plate,7,e1a__seed20260810
WAY_CP32,66,0.991041501776922,0.9923120241680502,0.3691375931800716,0.2602688876747779,0.9808750726231102,plate,7,e1a__seed20260810
WAY_CP41,70,0.9901828780492818,0.9923172291413018,0.377123698427007,0.2603986369320956,0.9787417317561736,plate,7,e1a__seed20260810
WAY_CP66,34,0.9823509714048436,0.983309000387369,0.5230396531529766,0.3725377159968266,0.9629664288752317,plate,7,e1a__seed20260810
WAY_CP72,33,0.9857852585996352,0.9868630042773808,0.4739815104605449,0.331257099189879,0.9698786732655282,plate,7,e1a__seed20260810
WAY_B-1_P1,38,0.992098083840835,0.9936680600425392,0.3652369700244986,0.2291072296098341,0.9836315991834612,plate,8,e1a__seed20260810
WAY_B-1_P10,22,0.9933953300779478,0.994143544199928,0.333375157572202,0.2288423668533332,0.9862990425575792,plate,8,e1a__seed20260810
WAY_B-1_P2,35,0.9942181194711532,0.9944913199671934,0.3166905669793001,0.2127884214281488,0.9877865032895596,plate,8,e1a__seed20260810
WAY_B-1_P23,36,0.993194032299496,0.9932404386280876,0.3376011114404664,0.2253724929877332,0.9860968300996844,plate,8,e1a__seed20260810
WAY_B-1_P7,39,0.9934566504761032,0.9939444938326666,0.3344829948723142,0.2319567426141688,0.9862844250755742,plate,8,e1a__seed20260810
WAY_B-2_P11,38,0.992576567483122,0.992545202137234,0.3498635055133143,0.2326749279634201,0.9845176358125288,plate,8,e1a__seed20260810
WAY_BP21,38,0.990121223211249,0.9908682579832824,0.380807092996021,0.2755085818278585,0.9787366555341266,plate,8,e1a__seed20260810
WAY_CP25,69,0.9878294263100516,0.9907665308148556,0.4249583517658229,0.287512869845479,0.9736099427045584,plate,8,e1a__seed20260810
WAY_CP37,69,0.9920165439447448,0.993856149183242,0.3363212547755448,0.2329503236561911,0.9830855649429914,plate,8,e1a__seed20260810
WAY_CP4,35,0.9891375606665388,0.9936969905690451,0.3645398943858939,0.2497107155571528,0.9770434111481864,plate,8,e1a__seed20260810
WAY_CP69,34,0.990882939720208,0.9912814106683718,0.3734546961590979,0.2578625590511286,0.9810898494823422,plate,8,e1a__seed20260810
WAY_CP9,33,0.9749927866663908,0.9778998679279848,0.6011152315332405,0.4178721244031086,0.9479619580506118,plate,8,e1a__seed20260810
WAY_B-1_P11,38,0.9906388044938894,0.9910479815930388,0.394627124695239,0.2829676248285104,0.9801667130279929,plate,9,e1a__seed20260810
WAY_B-1_P9,35,0.9920453361207928,0.9932762604514674,0.3618338545123869,0.2561531925115186,0.9831188594980588,plate,9,e1a__seed20260810
WAY_B-2_P1,39,0.993937341861362,0.9946944340970636,0.3068959905638174,0.2102070329819955,0.9872120282838608,plate,9,e1a__seed20260810
WAY_B-2_P10,36,0.9937193431844054,0.9943751170511668,0.3200966750049319,0.2210091516134887,0.986835855291161,plate,9,e1a__seed20260810
WAY_B-2_P14,38,0.9952655763246132,0.9952483767036696,0.2800641048381231,0.1950580833796455,0.9898261627158188,plate,9,e1a__seed20260810
WAY_BP22,38,0.9931678687014928,0.9931748515288036,0.3158836823990417,0.2203328393937713,0.9854841842851272,plate,9,e1a__seed20260810
WAY_CP13,32,0.9859939954181444,0.9886116094305076,0.4542297909757432,0.3189853059108321,0.968038248960227,plate,9,e1a__seed20260810
WAY_CP14,32,0.9755797548272432,0.9751694397317252,0.6801678688171244,0.5127242626304597,0.9438535628723078,plate,9,e1a__seed20260810
WAY_CP26,69,0.9895279851398372,0.9910653961859716,0.3941462405372654,0.2775453686971563,0.9776224976631472,plate,9,e1a__seed20260810
WAY_CP48,69,0.989811113077561,0.99434298885019,0.347851345899629,0.2303008584530408,0.9767137764428708,plate,9,e1a__seed20260810
WAY_CP51,35,0.994155309804555,0.994939180222985,0.2993692572491657,0.2046859194636003,0.9877214627282402,plate,9,e1a__seed20260810
WAY_CP8,34,0.9844608218396576,0.9893991314268162,0.4511074208616143,0.3140735922744013,0.966752348851768,plate,9,e1a__seed20260810
WAY_B-1_P3,39,0.9936747371865916,0.9938567253023723,0.3322287957152222,0.2248533024803031,0.9866908425202696,plate,10,e1a__seed20260810
WAY_B-2_P13,35,0.994676092087222,0.9947241939179412,0.2959267335831033,0.2076030654503725,0.988727562168985,plate,10,e1a__seed20260810
WAY_B-2_P15,38,0.9948360942548192,0.9949471301173944,0.2961145964385066,0.2060130347893133,0.988708401593927,plate,10,e1a__seed20260810
WAY_B-2_P6,39,0.9924377616079988,0.9926621206991568,0.3570213694466746,0.2422353124430172,0.9837961891967288,plate,10,e1a__seed20260810
WAY_B-2_P8,36,0.9945798179077232,0.9952308993920224,0.2986704249059396,0.1977903413791321,0.988464246394704,plate,10,e1a__seed20260810
WAY_BP24,38,0.989209348077134,0.9899533834791756,0.4071102506825297,0.2894586505032797,0.9766906009982516,plate,10,e1a__seed20260810
WAY_CP11,33,0.988541307732633,0.9928653922197774,0.402479179446261,0.2777159160554656,0.9747865275602932,plate,10,e1a__seed20260810
WAY_CP31,69,0.9892360209390668,0.9914458160053607,0.3911662866596515,0.2732363119116665,0.9772063864372096,plate,10,e1a__seed20260810
WAY_CP34,68,0.9879878907585076,0.9909423194568872,0.423648692750396,0.291204975796935,0.9732897261978548,plate,10,e1a__seed20260810
WAY_CP50,33,0.994852474136609,0.9953631159401136,0.2779076961608276,0.1906519930494922,0.98935640226002,plate,10,e1a__seed20260810
WAY_CP58,35,0.9934943226659326,0.9943310305743468,0.3116027586518571,0.2132855830402944,0.9863424218959804,plate,10,e1a__seed20260810
WAY_CP60,32,0.9912634336682448,0.9921753686283146,0.3631749439566794,0.2513766542649053,0.9820401334810032,plate,10,e1a__seed20260810
WAY_B-1_P4,39,0.992050675526898,0.9931945071847574,0.3705543579207477,0.2472279627381388,0.9834157016979216,plate,11,e1a__seed20260810
WAY_B-2_P17,38,0.9938609103870638,0.9944390564964958,0.3187957239372813,0.2244217129502593,0.9870889069222454,plate,11,e1a__seed20260810
WAY_B-2_P22,35,0.995395000416368,0.9959228428716724,0.2776816356166651,0.1824031568030579,0.990182617833828,plate,11,e1a__seed20260810
WAY_BP13,39,0.989548447986012,0.9893470796023792,0.3966738502977502,0.2868703998924719,0.9773268823521226,plate,11,e1a__seed20260810
WAY_BP15,36,0.9937486748812632,0.9940681385698996,0.3249724744500145,0.234888911691468,0.9852896916460474,plate,11,e1a__seed20260810
WAY_BP6,38,0.9893297999729797,0.989393207013529,0.4183381342231551,0.302517809822684,0.9753715035464556,plate,11,e1a__seed20260810
WAY_CP35,69,0.9916162471532376,0.9928569500466388,0.3567330039759589,0.2409884195163054,0.9821148103218026,plate,11,e1a__seed20260810
WAY_CP40,68,0.9865661361931972,0.9890127908944542,0.4341491827275563,0.3101368549636584,0.9703161787896096,plate,11,e1a__seed20260810
WAY_CP49,33,0.9930756826937484,0.993841256533728,0.3229576299496451,0.2139178370047977,0.9856182189782438,plate,11,e1a__seed20260810
WAY_CP5,31,0.989777585169782,0.9916152472841424,0.3934286658553836,0.281688493607091,0.977265495008688,plate,11,e1a__seed20260810
WAY_CP52,33,0.9932339862300752,0.9942847454737874,0.3224750847049902,0.2187868362944906,0.9857904999743315,plate,11,e1a__seed20260810
WAY_CP71,35,0.9937117422980724,0.9940299982756382,0.3094446415597647,0.2129547947203472,0.9869630711597428,plate,11,e1a__seed20260810
WAY_B-1_P17,40,0.9936678683260396,0.9938446172942704,0.34008503067675,0.2365663589577076,0.9859877959744938,plate,0,e1a__seed3407
WAY_B-1_P20,38,0.9952608207642814,0.9954580675704005,0.2842446338549207,0.19856096808343,0.9900411211071474,plate,0,e1a__seed3407
WAY_B-2_P19,39,0.9941343058598364,0.9944862061530284,0.3141569538203498,0.2078426433810123,0.9874824035037304,plate,0,e1a__seed3407
WAY_BP12,38,0.9920111456655608,0.9921695554663282,0.3486493140489642,0.2504801727827176,0.983119462950086,plate,0,e1a__seed3407
WAY_BP18,37,0.986247774702733,0.9865453983607148,0.4668561740577054,0.3468475815460293,0.9693910451912584,plate,0,e1a__seed3407
WAY_CP1,34,0.9899186257966712,0.9911131321413036,0.3998589064809496,0.2814001533872831,0.9780314858553492,plate,0,e1a__seed3407
WAY_CP10,35,0.9904247211371784,0.9936184139028728,0.3525871233119626,0.2423084275027985,0.9796384131956838,plate,0,e1a__seed3407
WAY_CP22,34,0.9859714133074264,0.9878453162462612,0.4420450930734869,0.3041958820091121,0.970009040256664,plate,0,e1a__seed3407
WAY_CP36,71,0.98015536119648,0.9825847654898988,0.553658661491574,0.3991405575259567,0.9562676265134824,plate,0,e1a__seed3407
WAY_CP43,65,0.9908905974876738,0.993502835196196,0.357832413009509,0.2403228415081297,0.9803623579134496,plate,0,e1a__seed3407
WAY_CP54,33,0.9887395860798524,0.9892443028946364,0.4106111252622142,0.297984305558344,0.9765943812960493,plate,0,e1a__seed3407
WAY_CP6,31,0.9877162331309975,0.9899758504737128,0.4195585492809039,0.2926335760343221,0.9726617352056256,plate,0,e1a__seed3407
WAY_B-1_P15,40,0.9942651050150136,0.9943307436999248,0.3145861155294038,0.2082971943098344,0.9879406514243164,plate,1,e1a__seed3407
WAY_B-1_P18,38,0.9870583967166656,0.9876568647767584,0.4673278230329415,0.3410938255466426,0.9731837318389788,plate,1,e1a__seed3407
WAY_B-2_P18,39,0.988532894801446,0.9891765726449612,0.4335541443487302,0.3150985802774959,0.9760720081043158,plate,1,e1a__seed3407
WAY_BP1,37,0.9946196261258514,0.995028426739302,0.2880117628764895,0.2031580202655753,0.9882664468819796,plate,1,e1a__seed3407
WAY_BP10,38,0.9941147217950372,0.9940592094963088,0.2938247007363486,0.2029612389108141,0.9876129894459998,plate,1,e1a__seed3407
WAY_BP8,36,0.9928306522969028,0.9927926820355084,0.3213250241307523,0.2210079435519402,0.9851136938117464,plate,1,e1a__seed3407
WAY_CP12,34,0.9849245564064636,0.9894200187180946,0.4506247968457304,0.3107772023990646,0.9660504315607584,plate,1,e1a__seed3407
WAY_CP3,34,0.9890500628574678,0.991945772520732,0.3804769725364568,0.2600238051720617,0.9755167114217468,plate,1,e1a__seed3407
WAY_CP45,64,0.9898245722528246,0.9939113119925148,0.3732296384745797,0.2531673105097705,0.9775006398977134,plate,1,e1a__seed3407
WAY_CP46,71,0.993015590653955,0.9949580830159928,0.3096984401858279,0.2076476567958916,0.9839457610839308,plate,1,e1a__seed3407
WAY_CP55,33,0.978214943595802,0.9792588235638752,0.5656658144705369,0.3909964779996925,0.9548848672798552,plate,1,e1a__seed3407
WAY_CP62,31,0.9938455940267376,0.9945985046604254,0.3119343677150559,0.2151160067817051,0.9865836559541384,plate,1,e1a__seed3407
WAY_B-1_P13,40,0.9918877602347562,0.9924012898661472,0.3707986695528736,0.2438462988318409,0.9832176726584306,plate,2,e1a__seed3407
WAY_B-1_P16,38,0.993756619267581,0.9943214400646652,0.3274249704931237,0.2285647482499599,0.9870094879313672,plate,2,e1a__seed3407
WAY_B-2_P12,39,0.9906112909243996,0.9908729422140172,0.3905500188355324,0.2735270019891933,0.9804639584087188,plate,2,e1a__seed3407
WAY_B-2_P5,37,0.9938265193327028,0.9939392776765268,0.3199417777438871,0.2194630063893173,0.9872168553284056,plate,2,e1a__seed3407
WAY_B-2_P9,38,0.9913881115617476,0.9921746514146405,0.3676017253706859,0.2505012955587121,0.9822100965661974,plate,2,e1a__seed3407
WAY_BP5,36,0.992066833494134,0.9922381031075516,0.3484419002959145,0.2441969844398851,0.9830492810735312,plate,2,e1a__seed3407
WAY_CP19,35,0.9772765878951556,0.977072814457657,0.5629188823865324,0.4035816177020762,0.9515087913500468,plate,2,e1a__seed3407
WAY_CP42,63,0.9854204272041962,0.988692624672736,0.4620987333503734,0.3198851291532301,0.96757459404374,plate,2,e1a__seed3407
WAY_CP47,71,0.9934477124042284,0.9958838321840312,0.2961829846198842,0.1945318256742339,0.98572448565341,plate,2,e1a__seed3407
WAY_CP53,34,0.9928358232705096,0.9933338155684984,0.3324045220773614,0.2379267201271784,0.9847033223223284,plate,2,e1a__seed3407
WAY_CP59,33,0.9906428525995998,0.9923993971413636,0.3737769044982971,0.2465052787300986,0.9801528652305378,plate,2,e1a__seed3407
WAY_CP63,31,0.9940653993985809,0.9945611415435094,0.2990012935326278,0.2010794087031421,0.987817865843076,plate,2,e1a__seed3407
WAY_B-2_P20,38,0.9957367172583688,0.9957794491706072,0.2663243380716979,0.1865211441919166,0.9907822806621338,plate,3,e1a__seed3407
WAY_B-2_P4,40,0.9927969201031374,0.9930878580290804,0.3451357530543991,0.2375572407973088,0.9849478246191796,plate,3,e1a__seed3407
WAY_BP14,39,0.9922738611586684,0.9926904171519186,0.3366996455818877,0.2336843543620539,0.98379423034184,plate,3,e1a__seed3407
WAY_BP2,36,0.9942070889457052,0.9942097821034874,0.2934339518350145,0.2002985867855863,0.9877811712807548,plate,3,e1a__seed3407
WAY_BP7,38,0.9945909727708276,0.994593332159764,0.2914402216766831,0.206639450735489,0.9880854752317596,plate,3,e1a__seed3407
WAY_CP15,34,0.9603208538606988,0.9620512757562928,0.9050753101610804,0.69940307080261,0.898999159811753,plate,3,e1a__seed3407
WAY_CP16,35,0.9687606823549744,0.9730106283947112,0.7822285143837221,0.5876920867108187,0.9243602732463015,plate,3,e1a__seed3407
WAY_CP28,70,0.9909020040131488,0.9924743206832852,0.3714222013256846,0.2610649776314723,0.980077497294176,plate,3,e1a__seed3407
WAY_CP29,67,0.9841156707698536,0.987042974714205,0.4723735385225437,0.3398971752231152,0.9663386565934804,plate,3,e1a__seed3407
WAY_CP56,34,0.9914992432041446,0.9916232486899276,0.3578400410497411,0.2478401257062234,0.9820785096730024,plate,3,e1a__seed3407
WAY_CP65,33,0.9931106617418411,0.9941843343532424,0.3279731473197685,0.2337567118955057,0.9851650401900114,plate,3,e1a__seed3407
WAY_CP68,31,0.9911471891883537,0.9917808679220032,0.3612895614884786,0.248354927374106,0.9817796954626588,plate,3,e1a__seed3407
WAY_B-2_P24,38,0.9921818526526096,0.9927088344397544,0.3593513881737657,0.2499647154964246,0.9836696354408094,plate,4,e1a__seed3407
WAY_B-2_P3,29,0.9939162226652816,0.9945614113028018,0.3155271974194135,0.2154744636472468,0.9873179203383106,plate,4,e1a__seed3407
WAY_BP11,40,0.9945639433258407,0.9946328194138948,0.3027619329780902,0.2179318866608189,0.9871356480064484,plate,4,e1a__seed3407
WAY_BP19,39,0.9925074276658734,0.9926509411991968,0.3390537279688362,0.2389844827183886,0.983812534669258,plate,4,e1a__seed3407
WAY_BP4,36,0.972908557088243,0.9720509688012025,0.5934491235511912,0.4258409949021131,0.9447381921514167,plate,4,e1a__seed3407
WAY_BP9,38,0.9944965043891144,0.9947106218612533,0.2935009744799668,0.2099628858048211,0.9880075710025232,plate,4,e1a__seed3407
WAY_CP17,35,0.9899819707243752,0.992087642854752,0.3828896601153988,0.2709848939335534,0.9779362508435152,plate,4,e1a__seed3407
WAY_CP20,34,0.9875639053157292,0.9925532872261652,0.4006937308758472,0.2744396041835042,0.973617184212795,plate,4,e1a__seed3407
WAY_CP30,70,0.9872969460511318,0.990184482104696,0.4307903450902902,0.3003934676178053,0.971451583815086,plate,4,e1a__seed3407
WAY_CP33,67,0.9903917257953292,0.9925604326153752,0.3735394839678159,0.2550659748552356,0.9797639042556306,plate,4,e1a__seed3407
WAY_CP57,34,0.992325207635425,0.9930066400303889,0.3362749990474303,0.2342995292212022,0.983949733432294,plate,4,e1a__seed3407
WAY_CP67,33,0.9904761805209742,0.9904250722202368,0.3858689044673834,0.2759476370789642,0.9797787695711462,plate,4,e1a__seed3407
WAY_B-2_P16,37,0.9935249699559172,0.994001371838302,0.3297380103376808,0.2278331843535155,0.9864066572672172,plate,5,e1a__seed3407
WAY_B-2_P7,38,0.9947863510861926,0.9950342345710964,0.2942305048455462,0.1975245400068856,0.9888744277450804,plate,5,e1a__seed3407
WAY_BP20,40,0.9901505821373257,0.990480576203391,0.3820918202389645,0.2826589924730867,0.9786484890281136,plate,5,e1a__seed3407
WAY_BP23,39,0.9924063491883948,0.9924273599680472,0.3363422714674237,0.235882991188801,0.9839330804608004,plate,5,e1a__seed3407
WAY_BP3,37,0.9939671249045698,0.9941902089738974,0.3095200270929254,0.2163401555195906,0.9866793826939272,plate,5,e1a__seed3407
WAY_CP18,35,0.9834260660302409,0.9875991364495148,0.5007906905399,0.3472973694433436,0.962970870385479,plate,5,e1a__seed3407
WAY_CP21,34,0.9847384952228706,0.992137978329727,0.4072938228872816,0.2762568601881834,0.964086883929636,plate,5,e1a__seed3407
WAY_CP24,29,0.9858711456566208,0.9878644280417508,0.4525900282594045,0.3226292822212457,0.9696704287243616,plate,5,e1a__seed3407
WAY_CP38,70,0.9923433995631308,0.9938926066310154,0.3324861045199688,0.2294374038331014,0.982881300685901,plate,5,e1a__seed3407
WAY_CP44,67,0.9910094344072616,0.9928031651792342,0.3578435876350512,0.236818932088675,0.9797079407957952,plate,5,e1a__seed3407
WAY_CP61,34,0.9919440494303564,0.9952366762842546,0.3323234542563575,0.2051761349352419,0.9810818871843172,plate,5,e1a__seed3407
WAY_CP7,33,0.9892881340220556,0.9923086993930966,0.406279281035385,0.2751294332420064,0.9766983806202788,plate,5,e1a__seed3407
WAY_B-1_P12,36,0.9897904591098546,0.9913031728166158,0.4148970446601843,0.2856562809531273,0.9787061603835816,plate,6,e1a__seed3407
WAY_B-1_P14,35,0.9930736767901036,0.9932667599682512,0.3445532203632075,0.2287026202243512,0.9855891943056744,plate,6,e1a__seed3407
WAY_B-1_P21,28,0.9669572044270408,0.9690804256281422,0.7507731433895368,0.508316231926775,0.9310931820923668,plate,6,e1a__seed3407
WAY_B-1_P24,40,0.9899048217469298,0.9902811517482516,0.4159901758651404,0.2927216870404032,0.9786151854600004,plate,6,e1a__seed3407
WAY_B-1_P6,38,0.9913293346361868,0.9913441897633434,0.3836780404949145,0.2675093876768166,0.9821123478552392,plate,6,e1a__seed3407
WAY_B-2_P2,39,0.9932909056359204,0.99346425771139,0.3286978138101825,0.2217621595912779,0.9860695116835644,plate,6,e1a__seed3407
WAY_BP16,38,0.993489710861608,0.9938104299016088,0.3162944416417395,0.2210081766167877,0.9855178875792576,plate,6,e1a__seed3407
WAY_CP2,35,0.990404272712062,0.9927729516730932,0.3644766028064437,0.2543877316083802,0.9792567496280352,plate,6,e1a__seed3407
WAY_CP27,66,0.9904167437577064,0.9920958609978724,0.374519150591323,0.260420353725836,0.978809662759128,plate,6,e1a__seed3407
WAY_CP39,70,0.9910550988464232,0.9928600157351152,0.367853408487137,0.2607362616857941,0.9798109213637776,plate,6,e1a__seed3407
WAY_CP64,34,0.9947290690444136,0.9950804914257176,0.2881060719192064,0.2060918528918218,0.9886699745169064,plate,6,e1a__seed3407
WAY_CP70,33,0.991381871611686,0.99215500139375,0.3572850663244586,0.235877897252943,0.9822247296889064,plate,6,e1a__seed3407
WAY_B-1_P19,35,0.9939051517564572,0.993925785458038,0.3177570865235179,0.2208319766573594,0.9873093558339002,plate,7,e1a__seed3407
WAY_B-1_P22,36,0.9915249404385909,0.9936080895882818,0.3566552911944735,0.2452280805486556,0.982490959085851,plate,7,e1a__seed3407
WAY_B-1_P5,28,0.9927231866404936,0.9933849854681274,0.3582638910881597,0.2481671806314945,0.9845126224700068,plate,7,e1a__seed3407
WAY_B-1_P8,38,0.9924624881282352,0.9931593133569676,0.3604371383699848,0.2509938405048693,0.984107335297094,plate,7,e1a__seed3407
WAY_B-2_P21,39,0.993941399462298,0.9940706265734992,0.3129341489262602,0.2162568012641208,0.9873106978295152,plate,7,e1a__seed3407
WAY_B-2_P23,40,0.9948610787047304,0.9949889489913528,0.2906112646706383,0.2006128804823017,0.9891957311378567,plate,7,e1a__seed3407
WAY_BP17,38,0.992614422983034,0.9929506995747084,0.3308531482630194,0.2281543106616934,0.9841620496298688,plate,7,e1a__seed3407
WAY_CP23,35,0.9848403649366996,0.9879614980421464,0.4581203720012167,0.3287087694306037,0.9658892794810592,plate,7,e1a__seed3407
WAY_CP32,66,0.99061629800408,0.992505254586416,0.3787075933915668,0.2662631121737733,0.979662540346906,plate,7,e1a__seed3407
WAY_CP41,70,0.9902128358590104,0.992652130414549,0.3763556578289424,0.2602952207010209,0.9787345530425292,plate,7,e1a__seed3407
WAY_CP66,34,0.9830831609871366,0.9844061804736536,0.51305287877078,0.360638736808387,0.9643518616038336,plate,7,e1a__seed3407
WAY_CP72,33,0.9855902285111432,0.9864663318518964,0.4759930159283442,0.330410135416634,0.9696492937156408,plate,7,e1a__seed3407
WAY_B-1_P1,38,0.9913616875514978,0.9936729374383046,0.3845534999503264,0.2391962513316258,0.9818530464940768,plate,8,e1a__seed3407
WAY_B-1_P10,22,0.9928050072723068,0.9938179209996958,0.3473423610260403,0.2377521854761956,0.9851074130216062,plate,8,e1a__seed3407
WAY_B-1_P2,35,0.9942085635254349,0.9944962776725728,0.3172421388281253,0.2135243784746737,0.9877428341965904,plate,8,e1a__seed3407
WAY_B-1_P23,36,0.9936768565657216,0.993752727391557,0.3259088264220461,0.2179977734888355,0.9870475466728714,plate,8,e1a__seed3407
WAY_B-1_P7,39,0.9925283511871704,0.9931966770694464,0.3557607278700947,0.2472019211294728,0.9844843548510226,plate,8,e1a__seed3407
WAY_B-2_P11,38,0.9926935547658616,0.9927436758264294,0.3505239564294615,0.2354425504101602,0.9844647597597692,plate,8,e1a__seed3407
WAY_BP21,38,0.9902307424758132,0.9905360651294022,0.377306473457858,0.2698650535713174,0.9791362043215468,plate,8,e1a__seed3407
WAY_CP25,69,0.9875446141383292,0.9909294797764948,0.4291856517698201,0.2914530722913738,0.9729208152243208,plate,8,e1a__seed3407
WAY_CP37,69,0.9917371147529402,0.9934930494868884,0.3418126364783596,0.2371666111354102,0.9826997052277718,plate,8,e1a__seed3407
WAY_CP4,35,0.9888558048750512,0.9935118653928264,0.3694927789095462,0.2525997831599022,0.9765597238502762,plate,8,e1a__seed3407
WAY_CP69,34,0.9903729083815972,0.9909018483274612,0.3840835830216317,0.2646668272606584,0.9800053039117586,plate,8,e1a__seed3407
WAY_CP9,33,0.9747247872333394,0.97886378255027,0.6036411151386634,0.4190358998245744,0.9473212690169764,plate,8,e1a__seed3407
WAY_B-1_P11,38,0.9904812203014935,0.9908094890504284,0.3964279548808472,0.2828431102990889,0.979964590856008,plate,9,e1a__seed3407
WAY_B-1_P9,35,0.9919467811609258,0.993401902339168,0.3636052175757232,0.2572916819473623,0.982931855530668,plate,9,e1a__seed3407
WAY_B-2_P1,39,0.9936143778251136,0.994311202359967,0.3153658037371744,0.2192649008864119,0.9865535209453428,plate,9,e1a__seed3407
WAY_B-2_P10,36,0.9932554122456588,0.993816722285625,0.3313526631959432,0.2287406753718145,0.9859037066916472,plate,9,e1a__seed3407
WAY_B-2_P14,38,0.9948114116491236,0.9948283336833252,0.2918970475299973,0.2040224438958045,0.9889564161085392,plate,9,e1a__seed3407
WAY_BP22,38,0.9932427833154632,0.9933919145827677,0.3116764975008542,0.2171228808652737,0.985870802734053,plate,9,e1a__seed3407
WAY_CP13,32,0.9863423997769016,0.9894747279701912,0.443912809165887,0.3098784659525295,0.9689038690978504,plate,9,e1a__seed3407
WAY_CP14,32,0.9760908204188052,0.9753004365730898,0.6726032124003394,0.5043048299213745,0.9451829859197316,plate,9,e1a__seed3407
WAY_CP26,69,0.9890731639842044,0.991160914413926,0.4049295502856441,0.2830336868741364,0.9764161016321228,plate,9,e1a__seed3407
WAY_CP48,69,0.9904465463686964,0.9942869543251648,0.3415763252532543,0.2279401230831618,0.9782635604023872,plate,9,e1a__seed3407
WAY_CP51,35,0.9942581324889564,0.9950334375729086,0.296341773849941,0.2027107474526884,0.9879690872425496,plate,9,e1a__seed3407
WAY_CP8,34,0.986183519568471,0.9909869496014684,0.4262809719402208,0.297765782766089,0.9702861038711336,plate,9,e1a__seed3407
WAY_B-1_P3,39,0.9934598362962236,0.993696855681592,0.3394887581265336,0.2275884099157874,0.9861052345861164,plate,10,e1a__seed3407
WAY_B-2_P13,35,0.9949718498666328,0.9950145829777028,0.2875455164987027,0.2014328445343899,0.989359488130884,plate,10,e1a__seed3407
WAY_B-2_P15,38,0.9946891898131298,0.9947732556802116,0.2973255469888793,0.2057763623954904,0.9886118030222047,plate,10,e1a__seed3407
WAY_B-2_P6,39,0.9919932212660166,0.992189723307089,0.3690151498433313,0.2523868715732106,0.982688399290456,plate,10,e1a__seed3407
WAY_B-2_P8,36,0.9944670355385592,0.9950349451888116,0.300479944249118,0.1993625953233242,0.9883183894389208,plate,10,e1a__seed3407
WAY_BP24,38,0.989724483534185,0.9903849427618814,0.3964080734505502,0.2817407061487493,0.9779025600553508,plate,10,e1a__seed3407
WAY_CP11,33,0.9879880383143548,0.9932772608529736,0.417385653620668,0.2807460626356077,0.9726217748870296,plate,10,e1a__seed3407
WAY_CP31,69,0.9895801892659148,0.9916757619551448,0.3859859404948877,0.2693963870898387,0.977831698695738,plate,10,e1a__seed3407
WAY_CP34,68,0.987856587998706,0.990991819743924,0.4276401635968545,0.2896287686996689,0.9724809710500462,plate,10,e1a__seed3407
WAY_CP50,33,0.9948005384400644,0.9953164497458068,0.2789899719240259,0.1915229699535024,0.9892756412124408,plate,10,e1a__seed3407
WAY_CP58,35,0.99324143380072,0.9941001921120948,0.3155480298350953,0.2170672998272952,0.986005035678217,plate,10,e1a__seed3407
WAY_CP60,32,0.9905703474189316,0.9914160984263408,0.3773317007475575,0.2625330283195204,0.9805998099953108,plate,10,e1a__seed3407
WAY_B-1_P4,39,0.9914931215182928,0.9929116484441018,0.383057925616146,0.2513578185145366,0.9822739314264294,plate,11,e1a__seed3407
WAY_B-2_P17,38,0.9939217924031436,0.9943292068842732,0.3188973799838604,0.2263322820211735,0.9870613795975386,plate,11,e1a__seed3407
WAY_B-2_P22,35,0.9950174310953452,0.9955745103985932,0.2886293496075863,0.1895744139375676,0.9894014424518228,plate,11,e1a__seed3407
WAY_BP13,39,0.9869612444736784,0.9873827914576604,0.4397245141135583,0.3199100454976475,0.9721534308831934,plate,11,e1a__seed3407
WAY_BP15,36,0.9936288047171083,0.99375452635133,0.3249422852990822,0.2342124574732315,0.9852916087619128,plate,11,e1a__seed3407
WAY_BP6,38,0.98862360975613,0.988740606773296,0.4249518038803386,0.30651871570871,0.9745594502962394,plate,11,e1a__seed3407
WAY_CP35,69,0.9913346469820103,0.9924238367209652,0.3643920379851016,0.2491155074605155,0.981319679423793,plate,11,e1a__seed3407
WAY_CP40,68,0.9865740129627956,0.9890504376537206,0.4348898315041533,0.3108776498811766,0.9706116956344704,plate,11,e1a__seed3407
WAY_CP49,33,0.9924381771553188,0.9934922116514576,0.3363835630427716,0.2270898965497661,0.984401728445926,plate,11,e1a__seed3407
WAY_CP5,31,0.9893798221983836,0.991201447774396,0.3988230820252316,0.2851372336807037,0.9766922192078936,plate,11,e1a__seed3407
WAY_CP52,33,0.9931833077910726,0.994174755871349,0.3244612579352922,0.2190347172955035,0.9856153880784044,plate,11,e1a__seed3407
WAY_CP71,35,0.9937491716226188,0.9941192459111894,0.3101925650677308,0.2152935156657952,0.9869005067734642,plate,11,e1a__seed3407
WAY_B-1_P17,40,0.9937481386484704,0.9938085934859876,0.3379983491980432,0.2353816989761548,0.9861487238487168,plate,0,e1a__seed42
WAY_B-1_P20,38,0.9952427364112636,0.9954139704180568,0.2859108267494055,0.1997404676124086,0.9899164251464034,plate,0,e1a__seed42
WAY_B-2_P19,39,0.9943304990311986,0.9947396706211727,0.3105244212254934,0.2042705440066538,0.9877616532214464,plate,0,e1a__seed42
WAY_BP12,38,0.9917967277955868,0.9918021839609557,0.3536352086405196,0.2556724099329354,0.9826354341697032,plate,0,e1a__seed42
WAY_BP18,37,0.986228145819445,0.9859657079397898,0.4767622761442263,0.3573664762617513,0.9680845064490928,plate,0,e1a__seed42
WAY_CP1,34,0.9889969951661312,0.9901445417407492,0.413890174635681,0.2918189998666767,0.9764556744765592,plate,0,e1a__seed42
WAY_CP10,35,0.9900209076199324,0.9931676171191376,0.3636073299687426,0.2500301538500564,0.9784558395198582,plate,0,e1a__seed42
WAY_CP22,34,0.9858707096976922,0.9885134613833793,0.4415836973972898,0.3045359895472111,0.9693445526761214,plate,0,e1a__seed42
WAY_CP36,71,0.9801163095643264,0.98129013433409,0.5625098182629197,0.4112716190028446,0.9551782051301474,plate,0,e1a__seed42
WAY_CP43,65,0.9905166692702648,0.9931467754036106,0.36644443025062,0.2466081496148959,0.9794895846075664,plate,0,e1a__seed42
WAY_CP54,33,0.9892153168776648,0.9893085676827522,0.4023720350767433,0.2908453191748378,0.9775443947064072,plate,0,e1a__seed42
WAY_CP6,31,0.9867541844692064,0.9897368731448626,0.4374538459222334,0.3091880542110475,0.97003639078883,plate,0,e1a__seed42
WAY_B-1_P15,40,0.9943986113567522,0.9944765508283148,0.3094934872426977,0.2052245536838342,0.9883307874769588,plate,1,e1a__seed42
WAY_B-1_P18,38,0.9868013022424134,0.986926810443712,0.4706793492872491,0.3439163466181084,0.9727803021010244,plate,1,e1a__seed42
WAY_B-2_P18,39,0.988757852739657,0.9892047586082454,0.4270196555186419,0.3064636598685523,0.976789025009217,plate,1,e1a__seed42
WAY_BP1,37,0.9946556398121228,0.9949993906767606,0.2849590217972333,0.1995313776426495,0.9885084797299524,plate,1,e1a__seed42
WAY_BP10,38,0.9939496909550252,0.9940269618625388,0.3054777857755826,0.2167147578525338,0.986604919101558,plate,1,e1a__seed42
WAY_BP8,36,0.9927362179008268,0.9928936154246416,0.3359437656092596,0.2401798194127201,0.9837295608345508,plate,1,e1a__seed42
WAY_CP12,34,0.985304738829576,0.9905885839423908,0.4420809027753008,0.305555111594717,0.9666128303300612,plate,1,e1a__seed42
WAY_CP3,34,0.988357795524283,0.991876618081878,0.3862588092166393,0.2656676542619023,0.974621441540598,plate,1,e1a__seed42
WAY_CP45,64,0.98992761359607,0.9938148888684896,0.3693923706255931,0.2496047308592112,0.9777577062568898,plate,1,e1a__seed42
WAY_CP46,71,0.9929348748314374,0.994774652563683,0.3120882667414023,0.2098447695233941,0.983943667541993,plate,1,e1a__seed42
WAY_CP55,33,0.9771695676169292,0.9775350627778696,0.580125250832671,0.4003022305305029,0.952553020234433,plate,1,e1a__seed42
WAY_CP62,31,0.9939901807011766,0.9949897440905588,0.3116732701378276,0.2122406462428287,0.9865997079815192,plate,1,e1a__seed42
WAY_B-1_P13,40,0.9919884797901416,0.9921764128761048,0.3682329145293261,0.2403087896877911,0.9834448828892736,plate,2,e1a__seed42
WAY_B-1_P16,38,0.9940431356305744,0.9944782989173432,0.3190818057877581,0.2201553049377647,0.9876772047520448,plate,2,e1a__seed42
WAY_B-2_P12,39,0.9902243404981724,0.9903495647943908,0.3999775783977552,0.2781088101246085,0.979498229664838,plate,2,e1a__seed42
WAY_B-2_P5,37,0.9941329481238192,0.9942999684063364,0.3119909752423989,0.2142229546850625,0.9878464612980636,plate,2,e1a__seed42
WAY_B-2_P9,38,0.9918711319670566,0.9925952179516788,0.3600527691566429,0.2469376043431817,0.982939243839571,plate,2,e1a__seed42
WAY_BP5,36,0.9920871019534612,0.9920123744689686,0.3487024158103662,0.2464281107544826,0.9830300698590422,plate,2,e1a__seed42
WAY_CP19,35,0.9775280148374612,0.9763214987905536,0.5597554103359546,0.4030070518475341,0.9522770025358548,plate,2,e1a__seed42
WAY_CP42,63,0.9852302865546368,0.989071162114562,0.4648585599574288,0.3170947550030667,0.9666998751730336,plate,2,e1a__seed42
WAY_CP47,71,0.9932442533686864,0.9954701033941724,0.3066934578900132,0.2023132598004543,0.9846044837069272,plate,2,e1a__seed42
WAY_CP53,34,0.9922960992125996,0.9928101284738016,0.3447186119813328,0.2468004355564307,0.9835552523811906,plate,2,e1a__seed42
WAY_CP59,33,0.9906617466809824,0.9920637363163562,0.3725330282284442,0.2470735096057726,0.9802864952338148,plate,2,e1a__seed42
WAY_CP63,31,0.9940863796344324,0.9946436502154126,0.2990827441657298,0.2007618149355632,0.9878002227173628,plate,2,e1a__seed42
WAY_B-2_P20,38,0.9953234748046978,0.995435263665652,0.283233793831929,0.2001885460018032,0.9895522012241404,plate,3,e1a__seed42
WAY_B-2_P4,40,0.9929681933757608,0.9931656760667926,0.3422489786519394,0.2358684444571653,0.9852069834461636,plate,3,e1a__seed42
WAY_BP14,39,0.9912455841909124,0.9917363453973336,0.3578519080100216,0.2511557333726739,0.9817256481341528,plate,3,e1a__seed42
WAY_BP2,36,0.9941287710457504,0.9941657789013532,0.2928317509204896,0.198786452441356,0.9878358235761188,plate,3,e1a__seed42
WAY_BP7,38,0.9946466129902202,0.9945689904873456,0.2866284735507992,0.2011757694312833,0.98847989675537,plate,3,e1a__seed42
WAY_CP15,34,0.9622585962095042,0.9643215065348965,0.9004729821963804,0.7079297061105926,0.8990012492250273,plate,3,e1a__seed42
WAY_CP16,35,0.96703993174462,0.9702146166764266,0.8346491056194812,0.6474055845793302,0.9146513976929964,plate,3,e1a__seed42
WAY_CP28,70,0.9913814504915972,0.9928459560705468,0.3595896441709867,0.251268570777672,0.9813042772667876,plate,3,e1a__seed42
WAY_CP29,67,0.98314682013224,0.9859867950652196,0.4887998781419721,0.3539030942641379,0.9641045949285107,plate,3,e1a__seed42
WAY_CP56,34,0.991335075338494,0.9914970439399448,0.3616132077542212,0.2500034040440471,0.9816950394558632,plate,3,e1a__seed42
WAY_CP65,33,0.9929157416208432,0.9938063077341952,0.3336050731998857,0.2399412657179251,0.9846529033199248,plate,3,e1a__seed42
WAY_CP68,31,0.9907692069708836,0.9916910654080232,0.3695924952537863,0.253269095166181,0.9809365490001132,plate,3,e1a__seed42
WAY_B-2_P24,38,0.9924668485642948,0.9926480080346346,0.35398484611795,0.2434089601518216,0.9841526515950724,plate,4,e1a__seed42
WAY_B-2_P3,29,0.9940478061500546,0.9947427095813416,0.3114259777045612,0.2119698861167976,0.9876492778640472,plate,4,e1a__seed42
WAY_BP11,40,0.994749058485759,0.994696701710447,0.2977481195712319,0.2143546015526756,0.9875599972840984,plate,4,e1a__seed42
WAY_BP19,39,0.9922020677816136,0.9924376110923931,0.3432107646850807,0.2390680271132621,0.9834202921284458,plate,4,e1a__seed42
WAY_BP4,36,0.9728787943099982,0.9716115439414232,0.59351988172536,0.4273000803656685,0.9447459335313956,plate,4,e1a__seed42
WAY_BP9,38,0.994426821274628,0.9944984483332232,0.3029408861648441,0.218310806928857,0.9872303004814186,plate,4,e1a__seed42
WAY_CP17,35,0.9894976537467444,0.9913163806024266,0.3969009810688635,0.2843348640085957,0.9768482028637536,plate,4,e1a__seed42
WAY_CP20,34,0.9882592838709536,0.992841169591006,0.3964923072689333,0.2733859862495122,0.9747770545280608,plate,4,e1a__seed42
WAY_CP30,70,0.987003005560612,0.9901876171154176,0.4333097410055603,0.3048268282147839,0.9708857751543272,plate,4,e1a__seed42
WAY_CP33,67,0.9903254753639192,0.9925419709156468,0.3778502078015649,0.2573156439517569,0.9793312896249534,plate,4,e1a__seed42
WAY_CP57,34,0.9921144257238078,0.9924382707954768,0.3417885740933692,0.2385063879347637,0.9834506301744176,plate,4,e1a__seed42
WAY_CP67,33,0.9894907967237716,0.9894116876965824,0.4037631213507548,0.287475520380532,0.977853769747449,plate,4,e1a__seed42
WAY_B-2_P16,37,0.9936702095029022,0.9938608294325556,0.3279916522391956,0.2260628012925455,0.986547056486776,plate,5,e1a__seed42
WAY_B-2_P7,38,0.9948790413264847,0.995001378452764,0.2886644930254654,0.1938608735564277,0.989296686556196,plate,5,e1a__seed42
WAY_BP20,40,0.9908048900538488,0.990969237035264,0.3679866159015199,0.2697868383978757,0.980185479152917,plate,5,e1a__seed42
WAY_BP23,39,0.992869561925755,0.993099422348383,0.3268484146313953,0.2291710356473116,0.9848319880730446,plate,5,e1a__seed42
WAY_BP3,37,0.9936531544641756,0.9937899823424684,0.3113662781907577,0.2144922734610378,0.9865281486268448,plate,5,e1a__seed42
WAY_CP18,35,0.983579956304024,0.9889351059598596,0.4921055881553122,0.340897126435599,0.9632047901848182,plate,5,e1a__seed42
WAY_CP21,34,0.9858666026087086,0.9920143932804756,0.3893446017374765,0.2688554328982309,0.9688089996991204,plate,5,e1a__seed42
WAY_CP24,29,0.9853544321837864,0.9875631113027332,0.4596925563671385,0.3237503055185555,0.9681653364826964,plate,5,e1a__seed42
WAY_CP38,70,0.9922339089402656,0.9938661418815592,0.3350588874399958,0.2307696106565342,0.9821591898899784,plate,5,e1a__seed42
WAY_CP44,67,0.9910237839880872,0.9932010012208866,0.3585234265840891,0.238872393201443,0.9792739094708762,plate,5,e1a__seed42
WAY_CP61,34,0.9918315134075772,0.9950814687186816,0.335957913262134,0.2086665351723115,0.9807471501836752,plate,5,e1a__seed42
WAY_CP7,33,0.9899670836460682,0.9913079678592808,0.3889714302097685,0.2726208630472713,0.9787105463070144,plate,5,e1a__seed42
WAY_B-1_P12,36,0.9904949303237384,0.992218225165944,0.4067839033154756,0.2843590536145909,0.9795267802286411,plate,6,e1a__seed42
WAY_B-1_P14,35,0.9919713007191628,0.9922762784241206,0.3697160018914126,0.2411570477937012,0.9834135702485968,plate,6,e1a__seed42
WAY_B-1_P21,28,0.9679373078779748,0.969266058755948,0.7389021865315729,0.500843268226295,0.933225158563635,plate,6,e1a__seed42
WAY_B-1_P24,40,0.9886550224261176,0.9886412286449314,0.4390425084324979,0.3083315528511208,0.9761931845930536,plate,6,e1a__seed42
WAY_B-1_P6,38,0.991555954177298,0.9915917225394564,0.3820853459389959,0.2714245527374916,0.98226066950571,plate,6,e1a__seed42
WAY_B-2_P2,39,0.9934420368069374,0.9936559762406092,0.3249510358059,0.2203005056046095,0.9863659456501944,plate,6,e1a__seed42
WAY_BP16,38,0.9937014044964808,0.993880295146585,0.3080036399985882,0.2126093101686491,0.9862740016316182,plate,6,e1a__seed42
WAY_CP2,35,0.9907099676992552,0.9927753425305704,0.3599622859209368,0.2529229604957466,0.9797938694217626,plate,6,e1a__seed42
WAY_CP27,66,0.9900329519005624,0.9917409939262556,0.3810847242634341,0.2602018487800271,0.97830419018458,plate,6,e1a__seed42
WAY_CP39,70,0.9912141991311876,0.9929097178137282,0.3598590555996377,0.253336518728202,0.980664638227509,plate,6,e1a__seed42
WAY_CP64,34,0.994502215373102,0.9947915373339123,0.2929916524502798,0.2096141920749216,0.988283686075326,plate,6,e1a__seed42
WAY_CP70,33,0.9918553365072148,0.9923424576065571,0.3481572029687206,0.2297067077544454,0.983110844266224,plate,6,e1a__seed42
WAY_B-1_P19,35,0.993347645916282,0.993709761496446,0.3354116095566236,0.2328508067153364,0.9858732548599008,plate,7,e1a__seed42
WAY_B-1_P22,36,0.991185117149938,0.993145268299558,0.3648307650263556,0.2504957138673984,0.98176822597637,plate,7,e1a__seed42
WAY_B-1_P5,28,0.9926029700712944,0.993134725791234,0.358868283782007,0.2490909523571373,0.9844648429131568,plate,7,e1a__seed42
WAY_B-1_P8,38,0.9920225737688748,0.9924564031770146,0.3705840456613703,0.2598253628628669,0.9831826996509924,plate,7,e1a__seed42
WAY_B-2_P21,39,0.993661849947854,0.9937710795692928,0.3202846300612678,0.2226541774019624,0.9866973637258158,plate,7,e1a__seed42
WAY_B-2_P23,40,0.9948202647181176,0.9949822288465492,0.2921078099828832,0.2021596647778936,0.98907647933945,plate,7,e1a__seed42
WAY_BP17,38,0.9924087693105572,0.9929125640873117,0.3348631407781126,0.2272111186510913,0.9837750716429732,plate,7,e1a__seed42
WAY_CP23,35,0.9844822980298,0.9875914319434436,0.4731284074107036,0.341138674434347,0.9639729778502524,plate,7,e1a__seed42
WAY_CP32,66,0.9909702476728056,0.992463018291352,0.3697753568290675,0.2601283563456021,0.980691225632537,plate,7,e1a__seed42
WAY_CP41,70,0.9898271622690455,0.992139314417856,0.3882154571052275,0.2675191409150799,0.9772047419043256,plate,7,e1a__seed42
WAY_CP66,34,0.9831741673542436,0.9844935326825124,0.5121136136606567,0.3635243292924016,0.9644573267073075,plate,7,e1a__seed42
WAY_CP72,33,0.985819816437981,0.9866013257334524,0.4755794091432269,0.3370002223856321,0.9696918789976368,plate,7,e1a__seed42
WAY_B-1_P1,38,0.9921019001390878,0.993803936721288,0.3664196803332327,0.2323644922418554,0.98352104150718,plate,8,e1a__seed42
WAY_B-1_P10,22,0.9930828066420028,0.993796574672976,0.3408521624359586,0.2308095897842298,0.9856429242197644,plate,8,e1a__seed42
WAY_B-1_P2,35,0.9939363511622058,0.9942736661156748,0.3256690758452938,0.2193956501520305,0.9870748892407016,plate,8,e1a__seed42
WAY_B-1_P23,36,0.9934146610315407,0.9935083197168753,0.3345277067153314,0.2278992988027645,0.9863526923627508,plate,8,e1a__seed42
WAY_B-1_P7,39,0.9930543953217434,0.993630885092582,0.344196649537395,0.2389458904999725,0.9854648381105172,plate,8,e1a__seed42
WAY_B-2_P11,38,0.9929553077367222,0.9929730802418416,0.3444753007170998,0.2291788491995597,0.9849932970645956,plate,8,e1a__seed42
WAY_BP21,38,0.9902001385298026,0.9909482891131168,0.3768733018185633,0.2695887940887626,0.979180663667172,plate,8,e1a__seed42
WAY_CP25,69,0.9874520590923604,0.9909151073843326,0.4308600004660118,0.2906566701584996,0.9726358711125336,plate,8,e1a__seed42
WAY_CP37,69,0.9920112401695949,0.9937893972739764,0.3387206817645239,0.234839757526556,0.9830463676780036,plate,8,e1a__seed42
WAY_CP4,35,0.9890392002203128,0.9936167773157166,0.3676531833382228,0.251723439468741,0.9767796936887572,plate,8,e1a__seed42
WAY_CP69,34,0.989734857824204,0.9906835708311454,0.3958265340156842,0.2730965226561315,0.9787704672556902,plate,8,e1a__seed42
WAY_CP9,33,0.9750334022690136,0.9780881983937956,0.5946266795257922,0.4133420291115887,0.9486690743159562,plate,8,e1a__seed42
WAY_B-1_P11,38,0.9906571798427756,0.990947724751213,0.3946503788677822,0.2827079074772766,0.980208052421206,plate,9,e1a__seed42
WAY_B-1_P9,35,0.9923109434472984,0.9936892618997234,0.3561605935440793,0.2500458224156107,0.9836298925162674,plate,9,e1a__seed42
WAY_B-2_P1,39,0.9940157898812352,0.9947234474139456,0.3049027634454302,0.2092999227905081,0.9873989511251944,plate,9,e1a__seed42
WAY_B-2_P10,36,0.993131024338222,0.9938785511853384,0.3332148673645849,0.2285265065516907,0.9857487531526038,plate,9,e1a__seed42
WAY_B-2_P14,38,0.9950779127145514,0.9951412327360686,0.2853259951037188,0.1982045282408874,0.9894418497303472,plate,9,e1a__seed42
WAY_BP22,38,0.9929531753290268,0.993112736241549,0.3188785338589243,0.2209283992509653,0.985211873132208,plate,9,e1a__seed42
WAY_CP13,32,0.9874175863574536,0.9898236008715484,0.4282958283007382,0.3001747860132541,0.9714507453477926,plate,9,e1a__seed42
WAY_CP14,32,0.9702280424988166,0.9694897533001694,0.7692997963614352,0.5920317015824628,0.929097637313924,plate,9,e1a__seed42
WAY_CP26,69,0.9890062537424712,0.9911494755171688,0.405085447363432,0.2844317133316834,0.9765007778739494,plate,9,e1a__seed42
WAY_CP48,69,0.9905935717304988,0.9945218180203448,0.3365272214442425,0.2253847266487229,0.979060942693156,plate,9,e1a__seed42
WAY_CP51,35,0.9943520849216304,0.995125598540558,0.2944377088798304,0.2023457014431049,0.9881226883931468,plate,9,e1a__seed42
WAY_CP8,34,0.985775903373077,0.9899807513653526,0.435175618310556,0.3036463687031386,0.969420942055825,plate,9,e1a__seed42
WAY_B-1_P3,39,0.993157561215716,0.9934091604425284,0.3485892660265137,0.2382897580296037,0.985353238839526,plate,10,e1a__seed42
WAY_B-2_P13,35,0.995019313753471,0.9949717308470276,0.2850097679555806,0.1993018851053353,0.9895470926102448,plate,10,e1a__seed42
WAY_B-2_P15,38,0.994830939856431,0.994922146283004,0.2940428220883762,0.2026566014514931,0.9888563947964858,plate,10,e1a__seed42
WAY_B-2_P6,39,0.99230934016228,0.9924286773866356,0.3572989788057956,0.2429811623831727,0.98377395809966,plate,10,e1a__seed42
WAY_B-2_P8,36,0.994400283953176,0.994929679788868,0.3025121374030107,0.2009128124588896,0.988164622727306,plate,10,e1a__seed42
WAY_BP24,38,0.9901768667496528,0.990691166276244,0.3921472907366791,0.2815150556984551,0.9783633922461696,plate,10,e1a__seed42
WAY_CP11,33,0.9887489781332902,0.9934115329889782,0.4005625370928742,0.2708749709469608,0.9737741092329888,plate,10,e1a__seed42
WAY_CP31,69,0.9894753150395452,0.9915186928704416,0.3895839398343219,0.2722840767888435,0.9775510242716908,plate,10,e1a__seed42
WAY_CP34,68,0.9877894846176972,0.9908302643450392,0.4290271182351922,0.2912108245341477,0.9723988933729134,plate,10,e1a__seed42
WAY_CP50,33,0.995101564532428,0.995581160635921,0.2717984840678894,0.1870555552551303,0.9898208553332044,plate,10,e1a__seed42
WAY_CP58,35,0.9936601197613854,0.994461260609796,0.306265343714634,0.2098530095600342,0.9868097512231416,plate,10,e1a__seed42
WAY_CP60,32,0.9912403056568097,0.9919154938940048,0.3644120712212187,0.2538074005493886,0.9819444367405394,plate,10,e1a__seed42
WAY_B-1_P4,39,0.9913905496350088,0.992819641585571,0.3851101129189583,0.2570007043574673,0.9820785008424056,plate,11,e1a__seed42
WAY_B-2_P17,38,0.9940179570208796,0.9943506931829574,0.3184197923062012,0.2252766300200169,0.9871072503562096,plate,11,e1a__seed42
WAY_B-2_P22,35,0.995195071162894,0.9956598018362964,0.2840445896988723,0.18679980900508,0.9897329082051892,plate,11,e1a__seed42
WAY_BP13,39,0.9867053428245084,0.9870490328650094,0.4489617402301981,0.329386086309737,0.970964342087319,plate,11,e1a__seed42
WAY_BP15,36,0.9931135022600645,0.9931065420904694,0.3397203694976154,0.246073969591768,0.9839222278304478,plate,11,e1a__seed42
WAY_BP6,38,0.9884365064952964,0.9885745241206016,0.4260492616831829,0.3055588140597372,0.974460131213458,plate,11,e1a__seed42
WAY_CP35,69,0.9918645662985744,0.9929808790261682,0.3527930705506577,0.2380099929272923,0.9824839287805182,plate,11,e1a__seed42
WAY_CP40,68,0.9866532455284012,0.9889602961186524,0.4300361913015764,0.3056113399343937,0.970909304947612,plate,11,e1a__seed42
WAY_CP49,33,0.9932837717485332,0.9943472689215556,0.3183835717880359,0.2115482442833754,0.9860203490340852,plate,11,e1a__seed42
WAY_CP5,31,0.990328090447196,0.992120525826966,0.384646499341263,0.2760324919006737,0.978612949073851,plate,11,e1a__seed42
WAY_CP52,33,0.9930465614125124,0.9940281137086536,0.3266135858693176,0.2214731122112016,0.9854216791699792,plate,11,e1a__seed42
WAY_CP71,35,0.9935291335533012,0.9937909326324682,0.3139469944240854,0.2164878261575917,0.9865767340275252,plate,11,e1a__seed42
WAY_B-1_P17,40,0.9935126016362276,0.9937089161309204,0.3442777482603324,0.2386771967642154,0.9856432753380456,plate,0,e1c__seed20260810
WAY_B-1_P20,38,0.9953804421383328,0.9955727173571318,0.2830997729234103,0.1973485424593515,0.990135195465473,plate,0,e1c__seed20260810
WAY_B-2_P19,39,0.9937928249435768,0.9938265333427874,0.3223675673323104,0.2169352126026217,0.9868199249259264,plate,0,e1c__seed20260810
WAY_BP12,38,0.9923281978665296,0.9923965495218934,0.3429652112134677,0.2486051186807373,0.9836618953568448,plate,0,e1c__seed20260810
WAY_BP18,37,0.9878690954073246,0.9879738846225854,0.4447365135172739,0.3311627349019636,0.9722240536037736,plate,0,e1c__seed20260810
WAY_CP1,34,0.9900493280846472,0.9911265111758388,0.3937449780481231,0.2754692663905497,0.9786186177771672,plate,0,e1c__seed20260810
WAY_CP10,35,0.9901734113391468,0.9928672687129784,0.3554275180478605,0.2421854701657741,0.979312149401394,plate,0,e1c__seed20260810
WAY_CP22,34,0.9859377329694882,0.9878061833378404,0.4402217146627828,0.3035678720968151,0.9702277760506162,plate,0,e1c__seed20260810
WAY_CP36,71,0.9808216220808592,0.9830237472320736,0.5455869730474902,0.3954805777353574,0.9573843265236168,plate,0,e1c__seed20260810
WAY_CP43,65,0.9912390789816352,0.9937124314208492,0.3515275703753331,0.2367668245761285,0.9810704608927344,plate,0,e1c__seed20260810
WAY_CP54,33,0.9892546519293258,0.9897020285297772,0.4016745977340883,0.29139855162124,0.9776136896502324,plate,0,e1c__seed20260810
WAY_CP6,31,0.987695434710944,0.9900548832289288,0.4238087501475698,0.2994371190420848,0.9723735659648954,plate,0,e1c__seed20260810
WAY_B-1_P15,40,0.9938943877729214,0.994025327053085,0.3249649380252954,0.214371080593938,0.987136967882302,plate,1,e1c__seed20260810
WAY_B-1_P18,38,0.9854663661709582,0.9859830274669694,0.4902872479285582,0.3587254777592052,0.9704836139041192,plate,1,e1c__seed20260810
WAY_B-2_P18,39,0.9881975968592536,0.9887254468964274,0.438932303656918,0.3185532321715646,0.9754803503035072,plate,1,e1c__seed20260810
WAY_BP1,37,0.9946632385100502,0.9950267834782298,0.2820194161283845,0.195630920844789,0.9887440633194292,plate,1,e1c__seed20260810
WAY_BP10,38,0.9939136832267566,0.9939061749138592,0.2981741746961439,0.2058778322773487,0.9872431475387876,plate,1,e1c__seed20260810
WAY_BP8,36,0.9924396438688108,0.992496427865931,0.3301130714787619,0.227926370256438,0.9842924099435044,plate,1,e1c__seed20260810
WAY_CP12,34,0.9854906232250652,0.9899650429297556,0.4431051105655076,0.3067741851919477,0.967089296387059,plate,1,e1c__seed20260810
WAY_CP3,34,0.9889838848720226,0.991796692737882,0.3751495536488171,0.2577409379220657,0.9763012338317898,plate,1,e1c__seed20260810
WAY_CP45,64,0.9892281638506804,0.9937671406965936,0.3782873173456292,0.2550373330731942,0.9759948153538066,plate,1,e1c__seed20260810
WAY_CP46,71,0.9930045512746668,0.9950965936179398,0.3116571517267431,0.2072424845999882,0.9835100894683428,plate,1,e1c__seed20260810
WAY_CP55,33,0.9770701645420872,0.9781252328832988,0.578871429723233,0.3998081278979655,0.9527667517833684,plate,1,e1c__seed20260810
WAY_CP62,31,0.99414216760069,0.9948594829559636,0.3085222233815779,0.2106029781985869,0.9868684387422052,plate,1,e1c__seed20260810
WAY_B-1_P13,40,0.9921007554651152,0.9921574392544854,0.365567938078303,0.2383583222249105,0.98368014874451,plate,2,e1c__seed20260810
WAY_B-1_P16,38,0.9941351174518094,0.9945210477268598,0.3159645242779241,0.2181226425835976,0.987900574193876,plate,2,e1c__seed20260810
WAY_B-2_P12,39,0.9915727434907956,0.991575620939786,0.3722798259891526,0.260097013991473,0.9822618422583732,plate,2,e1c__seed20260810
WAY_B-2_P5,37,0.9941167964902348,0.9943437884502236,0.3132677814924645,0.2134585178704828,0.9877496007494592,plate,2,e1c__seed20260810
WAY_B-2_P9,38,0.9919151200625352,0.99259162828864,0.3580726655896322,0.2439674469513586,0.9831011511354776,plate,2,e1c__seed20260810
WAY_BP5,36,0.991587482739356,0.9916375052527736,0.3573422991010079,0.25024993599845,0.9821714464599224,plate,2,e1c__seed20260810
WAY_CP19,35,0.977966569502465,0.9771017531034238,0.5540973838927177,0.4001309602486799,0.9530026018562262,plate,2,e1c__seed20260810
WAY_CP42,63,0.9857588701376062,0.989388805403628,0.4502432829408679,0.3125129379977579,0.9688783621012286,plate,2,e1c__seed20260810
WAY_CP47,71,0.9934430141127634,0.9958758794340448,0.2995871220270635,0.1957034537156992,0.9850379797007316,plate,2,e1c__seed20260810
WAY_CP53,34,0.992696620281884,0.9930853111685768,0.3365834469164819,0.2403204927836386,0.9843226011182044,plate,2,e1c__seed20260810
WAY_CP59,33,0.9907566252621658,0.9919949556276204,0.3702857664946167,0.2439843676584471,0.980508517277224,plate,2,e1c__seed20260810
WAY_CP63,31,0.9940877925545788,0.994535365610948,0.3002290280068554,0.2028891247128867,0.9877192882608362,plate,2,e1c__seed20260810
WAY_B-2_P20,38,0.9959239148299296,0.995994347304968,0.2587516180082134,0.1796566366140919,0.9912991934723084,plate,3,e1c__seed20260810
WAY_B-2_P4,40,0.993058070322937,0.993316229258882,0.3399499365555897,0.2352511969595759,0.9853998730042124,plate,3,e1c__seed20260810
WAY_BP14,39,0.9925169205911852,0.9929302007222062,0.3330463186236638,0.2337556719899817,0.9841448741390376,plate,3,e1c__seed20260810
WAY_BP2,36,0.9942776735086998,0.9943108220240976,0.2893556180652225,0.1979743010074619,0.9881097079944422,plate,3,e1c__seed20260810
WAY_BP7,38,0.9947719448087288,0.9948144766429774,0.2874674751512605,0.203570563807546,0.9884069686118152,plate,3,e1c__seed20260810
WAY_CP15,34,0.965650806462003,0.9673900928700356,0.8498207790848119,0.6599328524502314,0.9098619593966524,plate,3,e1c__seed20260810
WAY_CP16,35,0.9707856602293432,0.9752111143681738,0.7459492981801839,0.5524841600044322,0.9307298564310964,plate,3,e1c__seed20260810
WAY_CP28,70,0.9914764668908802,0.9930039909023066,0.3564748928511612,0.2483528632147315,0.981417941936489,plate,3,e1c__seed20260810
WAY_CP29,67,0.9836825492085042,0.9867637232591472,0.4803069579486531,0.3480513340358552,0.9650429200851808,plate,3,e1c__seed20260810
WAY_CP56,34,0.992147948493483,0.9923950393693868,0.3441316183378155,0.2396824604026035,0.9834204950484886,plate,3,e1c__seed20260810
WAY_CP65,33,0.9933619671541116,0.9942397022584516,0.3213389181775261,0.2286266504303363,0.9857536266013652,plate,3,e1c__seed20260810
WAY_CP68,31,0.991413022229504,0.9919972698432634,0.3551764637238819,0.241548195833624,0.9823973709604658,plate,3,e1c__seed20260810
WAY_B-2_P24,38,0.9922673207585644,0.9927362588455116,0.3578143216167346,0.248134810688312,0.9837853846686726,plate,4,e1c__seed20260810
WAY_B-2_P3,29,0.9939996990246474,0.9946595663542986,0.3134857444521888,0.2141281151727772,0.9874860718976816,plate,4,e1c__seed20260810
WAY_BP11,40,0.99472348753682,0.9948791558289248,0.2915870847517308,0.2086677981941725,0.9880669742784052,plate,4,e1c__seed20260810
WAY_BP19,39,0.992438201551077,0.9926666556468,0.3356482655734463,0.231849809308311,0.9841355104494452,plate,4,e1c__seed20260810
WAY_BP4,36,0.9724585422852738,0.9717389228618122,0.597712704534042,0.4301729398778161,0.943975307315923,plate,4,e1c__seed20260810
WAY_BP9,38,0.9945843497956218,0.9947793211754205,0.2908359459505441,0.2072728070240507,0.9882239572241248,plate,4,e1c__seed20260810
WAY_CP17,35,0.9900707622413594,0.9921745227959295,0.383158838016047,0.2710002869556031,0.978220193693279,plate,4,e1c__seed20260810
WAY_CP20,34,0.9873369195319804,0.992704309563012,0.4040668949685473,0.2754200957072092,0.9726273903316204,plate,4,e1c__seed20260810
WAY_CP30,70,0.9871269936748076,0.99022105688195,0.4324168739521097,0.3036804145187625,0.9713751226468492,plate,4,e1c__seed20260810
WAY_CP33,67,0.9904754649248672,0.992257978697565,0.3754468811469418,0.2560614381587415,0.979881739462672,plate,4,e1c__seed20260810
WAY_CP57,34,0.992618909205786,0.9931560179837648,0.3299502541469066,0.2300775121689908,0.9845493313911352,plate,4,e1c__seed20260810
WAY_CP67,33,0.9893900917518476,0.9896851509701728,0.4053539619320882,0.2888410745921121,0.9776849079087554,plate,4,e1c__seed20260810
WAY_B-2_P16,37,0.9935196321119868,0.993901811708277,0.3288758882030959,0.2274579302459979,0.9864777238539162,plate,5,e1c__seed20260810
WAY_B-2_P7,38,0.9949430950074148,0.995238764910212,0.2884970397699631,0.1925954053379876,0.9893107316618148,plate,5,e1c__seed20260810
WAY_BP20,40,0.991267171824616,0.9915600841410048,0.3593534998171282,0.2625546804010155,0.981109294723448,plate,5,e1c__seed20260810
WAY_BP23,39,0.9928942071872312,0.9928861255033922,0.3259745409422851,0.2286194258577178,0.984907887598263,plate,5,e1c__seed20260810
WAY_BP3,37,0.9942215038951956,0.9944984880239972,0.2983928247790644,0.2073424728379135,0.9876180524535606,plate,5,e1c__seed20260810
WAY_CP18,35,0.9840888337844996,0.9876259379364952,0.4845887223122149,0.3410456719832066,0.965264745618478,plate,5,e1c__seed20260810
WAY_CP21,34,0.9870565907801332,0.9922656690831008,0.3884071538781219,0.2659940736001559,0.9705064549976709,plate,5,e1c__seed20260810
WAY_CP24,29,0.9845919692396778,0.9869741023114964,0.4726447702574293,0.3357177530424282,0.9670546775430036,plate,5,e1c__seed20260810
WAY_CP38,70,0.9922461194515778,0.9938238087381152,0.3342229046839981,0.2316192056338875,0.9827211860567028,plate,5,e1c__seed20260810
WAY_CP44,67,0.9911535072259042,0.9927574296905116,0.3558122004823804,0.2353963707291561,0.9798239428964944,plate,5,e1c__seed20260810
WAY_CP61,34,0.9917472123387312,0.995030611914937,0.336141229606444,0.2089211071291924,0.980707897490711,plate,5,e1c__seed20260810
WAY_CP7,33,0.9895093384977426,0.992434728561166,0.4082658520529641,0.2748409676783919,0.9764107330177272,plate,5,e1c__seed20260810
WAY_B-1_P12,36,0.9900482788608452,0.9917224270290356,0.410831572558002,0.2836134147278446,0.9791258129281322,plate,6,e1c__seed20260810
WAY_B-1_P14,35,0.9926884880956476,0.9928773083377672,0.352945711280514,0.2344386933396272,0.9848658469903568,plate,6,e1c__seed20260810
WAY_B-1_P21,28,0.9678286933371988,0.9698944942751936,0.7409527969029116,0.5014168827334455,0.932908595583014,plate,6,e1c__seed20260810
WAY_B-1_P24,40,0.9900433357612378,0.990665093340886,0.4125255641013185,0.2921525725223982,0.9790302977306848,plate,6,e1c__seed20260810
WAY_B-1_P6,38,0.9916933206784482,0.9918832095647572,0.3782045468914253,0.2660896142129136,0.9826243143916732,plate,6,e1c__seed20260810
WAY_B-2_P2,39,0.9935126515500912,0.993539820829272,0.3235952545067962,0.219006094857614,0.9864955936871992,plate,6,e1c__seed20260810
WAY_BP16,38,0.9933210175353592,0.9936141152901334,0.3166205592233485,0.2173311164718378,0.9854902115024594,plate,6,e1c__seed20260810
WAY_CP2,35,0.990130356285432,0.9927582341692844,0.3651478469725392,0.2539367741050479,0.9785075680825692,plate,6,e1c__seed20260810
WAY_CP27,66,0.9893181387573626,0.9914017732642344,0.3913595680621518,0.2675456469128697,0.97643101228563,plate,6,e1c__seed20260810
WAY_CP39,70,0.9914967493075788,0.9931552362564986,0.3554912917924935,0.2498925585642009,0.98122612462805,plate,6,e1c__seed20260810
WAY_CP64,34,0.9944155026883116,0.99475121902039,0.2980518266117588,0.2139583952892332,0.987875359932252,plate,6,e1c__seed20260810
WAY_CP70,33,0.9917977155570998,0.992441651225655,0.3490661373221243,0.2338813309509245,0.9830113398549204,plate,6,e1c__seed20260810
WAY_B-1_P19,35,0.9938742324529752,0.9941272224178028,0.3182139789457543,0.2220568302409944,0.9872799569467594,plate,7,e1c__seed20260810
WAY_B-1_P22,36,0.991112093590504,0.9932657070873874,0.3683616330782951,0.2560237137930992,0.981433043552494,plate,7,e1c__seed20260810
WAY_B-1_P5,28,0.9925611262653856,0.9932459410937916,0.3616377077225885,0.2508989414461278,0.9842230983406578,plate,7,e1c__seed20260810
WAY_B-1_P8,38,0.9921396676893024,0.9929668834988796,0.366230501192051,0.2541836146921069,0.9835960904515092,plate,7,e1c__seed20260810
WAY_B-2_P21,39,0.9938142521310172,0.9938735266287896,0.3162201957600224,0.2189254222171422,0.987049981043876,plate,7,e1c__seed20260810
WAY_B-2_P23,40,0.9949110474319928,0.995073219259346,0.2899468340366046,0.2001512327593841,0.9892426125062624,plate,7,e1c__seed20260810
WAY_BP17,38,0.99286656944872,0.993427132927346,0.3245148689173427,0.2185212726267919,0.984751149262736,plate,7,e1c__seed20260810
WAY_CP23,35,0.9846000386330556,0.9874647656867256,0.4686688042686353,0.3391078672726966,0.9658470371967084,plate,7,e1c__seed20260810
WAY_CP32,66,0.9909573974479104,0.9922088436830088,0.3710014153805302,0.2613851951760453,0.9806995177642768,plate,7,e1c__seed20260810
WAY_CP41,70,0.9901756126751904,0.9923305785938696,0.3772048704496139,0.2603292095451765,0.9787183866653172,plate,7,e1c__seed20260810
WAY_CP66,34,0.98251479145126,0.9834919846720273,0.5204560957102011,0.3708396690221576,0.9633290765581844,plate,7,e1c__seed20260810
WAY_CP72,33,0.9859139895022884,0.9870087250110255,0.471730510947344,0.3295407726612172,0.970159263579708,plate,7,e1c__seed20260810
WAY_B-1_P1,38,0.9921190510317294,0.9936535121588728,0.3645105491523263,0.2287466396104384,0.9836975311349556,plate,8,e1c__seed20260810
WAY_B-1_P10,22,0.9933899622038314,0.9941489218036664,0.3334070729371065,0.2287628036983028,0.986292813887416,plate,8,e1c__seed20260810
WAY_B-1_P2,35,0.9941906757680355,0.9945016688062984,0.3176888127802484,0.2138556654170157,0.9877103096389788,plate,8,e1c__seed20260810
WAY_B-1_P23,36,0.9931916219133886,0.9932248541433328,0.3377217315760412,0.2259130783301819,0.9860872650433256,plate,8,e1c__seed20260810
WAY_B-1_P7,39,0.9934553369311312,0.9939504937039116,0.3345227680386259,0.2319366127120587,0.9862811697784728,plate,8,e1c__seed20260810
WAY_B-2_P11,38,0.992566635302098,0.992532883801903,0.3505192011049782,0.2331450245986019,0.9844596136324618,plate,8,e1c__seed20260810
WAY_BP21,38,0.9902099857216754,0.9910139659987957,0.3791546241082392,0.2741901053404712,0.9789194510081354,plate,8,e1c__seed20260810
WAY_CP25,69,0.9878125343065172,0.990905976372913,0.4250243843088313,0.2872829019483858,0.973594014504106,plate,8,e1c__seed20260810
WAY_CP37,69,0.992029151802304,0.9938844861697084,0.3359991985131779,0.2324707384712166,0.9830934435925348,plate,8,e1c__seed20260810
WAY_CP4,35,0.9891776168533116,0.9937419662102552,0.3642173203685143,0.2495901658174056,0.9771278054974748,plate,8,e1c__seed20260810
WAY_CP69,34,0.99089438847113,0.991282601581588,0.3731937477134657,0.2575868600469511,0.981116305383778,plate,8,e1c__seed20260810
WAY_CP9,33,0.9751022606646134,0.9782253326062068,0.6004122102650237,0.4176599611440844,0.9480885180985748,plate,8,e1c__seed20260810
WAY_B-1_P11,38,0.9906711813082826,0.9910562236755788,0.3939510206585226,0.2821707233238583,0.9802379487585404,plate,9,e1c__seed20260810
WAY_B-1_P9,35,0.992143286198252,0.9934007353377214,0.3595691987941087,0.2542139089853943,0.9833246050607723,plate,9,e1c__seed20260810
WAY_B-2_P1,39,0.9938170489542324,0.9945670523604722,0.3097940085578907,0.2123672487720658,0.986978851876932,plate,9,e1c__seed20260810
WAY_B-2_P10,36,0.9937833524351743,0.99445360019396,0.3187804080431585,0.2203307942252847,0.9869404796197068,plate,9,e1c__seed20260810
WAY_B-2_P14,38,0.995286646789522,0.9952841534531384,0.2793651462244254,0.1945949238097872,0.989874200468965,plate,9,e1c__seed20260810
WAY_BP22,38,0.9932005753406206,0.9931925538709114,0.3153307060960814,0.2201872197877555,0.9855339677531608,plate,9,e1c__seed20260810
WAY_CP13,32,0.9862101488201304,0.988798602376581,0.4509885596677069,0.3170251559026886,0.9685092721560014,plate,9,e1c__seed20260810
WAY_CP14,32,0.9761318388916632,0.9757697400273972,0.6704773923494367,0.504011143737461,0.9453949432812015,plate,9,e1c__seed20260810
WAY_CP26,69,0.98960618518422,0.9911402244277298,0.392983185330979,0.2769176298254115,0.977760237525898,plate,9,e1c__seed20260810
WAY_CP48,69,0.9898945850545652,0.9944629935373124,0.3465666371223869,0.2291060315762901,0.9768596740464416,plate,9,e1c__seed20260810
WAY_CP51,35,0.9942528394373225,0.9950158492498226,0.2968148032453378,0.2029367893303061,0.9879288841348156,plate,9,e1c__seed20260810
WAY_CP8,34,0.984672865063634,0.9895129973883834,0.4482573375045376,0.3121776655613494,0.9671919883177512,plate,9,e1c__seed20260810
WAY_B-1_P3,39,0.9936539038909032,0.9938299993780098,0.3329771562950528,0.225154088008027,0.9866308568090348,plate,10,e1c__seed20260810
WAY_B-2_P13,35,0.9946112605392688,0.994608066195104,0.2975315324962794,0.2086481227506883,0.9886045132926984,plate,10,e1c__seed20260810
WAY_B-2_P15,38,0.9948315525086486,0.9949562615263908,0.2959624926352828,0.2058570921973461,0.9887196049783464,plate,10,e1c__seed20260810
WAY_B-2_P6,39,0.9924436339353728,0.9926974129722896,0.3564761984951811,0.2420720027772976,0.9838453050740802,plate,10,e1c__seed20260810
WAY_B-2_P8,36,0.9945575683658976,0.9952084045876408,0.2991696356181148,0.1983368625459987,0.988424579073987,plate,10,e1c__seed20260810
WAY_BP24,38,0.9891734745242122,0.9899493540655976,0.407281500886292,0.2891770150006014,0.976672304390466,plate,10,e1c__seed20260810
WAY_CP11,33,0.9884369634242344,0.9927806911723888,0.4049767315569756,0.2795717882301834,0.9745645153779364,plate,10,e1c__seed20260810
WAY_CP31,69,0.9893571597980348,0.9914913747810492,0.389356506839168,0.2721486276994603,0.9774700692885688,plate,10,e1c__seed20260810
WAY_CP34,68,0.9879798921343428,0.9909596158456252,0.4240415364885058,0.2917325704408458,0.973281636379545,plate,10,e1c__seed20260810
WAY_CP50,33,0.9949153396139808,0.9954274964689456,0.2763352451878544,0.1894162641219055,0.9894752746654742,plate,10,e1c__seed20260810
WAY_CP58,35,0.9935372000831416,0.9943637327817214,0.3106771374058299,0.2125294538821454,0.9864195847734264,plate,10,e1c__seed20260810
WAY_CP60,32,0.991192309003536,0.9921132222171868,0.3645287870036438,0.2523892250002273,0.98190413770388,plate,10,e1c__seed20260810
WAY_B-1_P4,39,0.9921145516189214,0.9932495154373114,0.3690472965773793,0.2456193602430855,0.9835496667501892,plate,11,e1c__seed20260810
WAY_B-2_P17,38,0.9939353646719844,0.9944930190787994,0.3170500691727376,0.2229486215376672,0.9872277216988056,plate,11,e1c__seed20260810
WAY_B-2_P22,35,0.9954128852536112,0.9959684234495472,0.2771993551543307,0.1819421200337669,0.9902162502114256,plate,11,e1c__seed20260810
WAY_BP13,39,0.9895904181327694,0.9894081756585406,0.3953113381096497,0.285290798954025,0.977482039350122,plate,11,e1c__seed20260810
WAY_BP15,36,0.9937542947893712,0.9940445201117154,0.323176805126326,0.2330505813079723,0.9854501479594951,plate,11,e1c__seed20260810
WAY_BP6,38,0.9894050218208948,0.9894573586961318,0.4159200298863099,0.3004227242942208,0.9756519083022248,plate,11,e1c__seed20260810
WAY_CP35,69,0.9915722549712516,0.9927810655816932,0.3574201729781242,0.2411624108788817,0.9820603259997318,plate,11,e1c__seed20260810
WAY_CP40,68,0.9865448985902197,0.989036397616962,0.4342466083082602,0.3100272654591874,0.970290730073654,plate,11,e1c__seed20260810
WAY_CP49,33,0.9930496857049402,0.9938153013019996,0.3236903498313519,0.2139044631877894,0.9855534840668698,plate,11,e1c__seed20260810
WAY_CP5,31,0.989907307382705,0.9917424538045194,0.3915579759768801,0.2799240697916148,0.9774798700905128,plate,11,e1c__seed20260810
WAY_CP52,33,0.993287203776566,0.9943717396715503,0.3211517195235082,0.2169600440588723,0.9859066043184826,plate,11,e1c__seed20260810
WAY_CP71,35,0.9937189802025288,0.9940433006031346,0.3090005788565856,0.2124952161201227,0.9870000339744744,plate,11,e1c__seed20260810
WAY_B-1_P17,40,0.9936678309417716,0.993861271343062,0.3399734888648176,0.236163743495246,0.9859963736751738,plate,0,e1c__seed3407
WAY_B-1_P20,38,0.9952473756425618,0.995448449770618,0.2846411139797147,0.1988675835811617,0.9900136894752716,plate,0,e1c__seed3407
WAY_B-2_P19,39,0.9941212108618592,0.9944715366592533,0.3143905225543033,0.2082196023810036,0.98746445266033,plate,0,e1c__seed3407
WAY_BP12,38,0.9920482898180684,0.9921799879300666,0.3480634217296939,0.2503031165636478,0.9831768942773448,plate,0,e1c__seed3407
WAY_BP18,37,0.986381823902396,0.9867008059722248,0.4644831476337201,0.3452840306744905,0.9697012580838288,plate,0,e1c__seed3407
WAY_CP1,34,0.9898986237500624,0.991037470821158,0.4003405117594695,0.2816090578205147,0.9779799916334584,plate,0,e1c__seed3407
WAY_CP10,35,0.9904987579979816,0.9936379481691926,0.3511065096178433,0.2411695072479724,0.9797788419098348,plate,0,e1c__seed3407
WAY_CP22,34,0.9860648659947332,0.9879420765201654,0.440380848077843,0.3030761916359086,0.9702004694228774,plate,0,e1c__seed3407
WAY_CP36,71,0.9801180175679166,0.9825563810119028,0.5538341783575698,0.3993763304418518,0.9562541255393978,plate,0,e1c__seed3407
WAY_CP43,65,0.9909467006507272,0.9935755064290672,0.3566350826684383,0.2396298021235186,0.9804885621124204,plate,0,e1c__seed3407
WAY_CP54,33,0.9886808988491678,0.9892085584362365,0.4116152590599097,0.2986155880098257,0.9764795214064949,plate,0,e1c__seed3407
WAY_CP6,31,0.9877024838685164,0.9899934684376084,0.4196879557369894,0.2927617511426229,0.9726290300746,plate,0,e1c__seed3407
WAY_B-1_P15,40,0.9942609029773536,0.9943504263735812,0.3147162326202249,0.2083145225579797,0.987930307091778,plate,1,e1c__seed3407
WAY_B-1_P18,38,0.9870181486408792,0.9876566355069843,0.4678543757468378,0.3414724455447173,0.9731236841831712,plate,1,e1c__seed3407
WAY_B-2_P18,39,0.9885182778049596,0.9891569857881524,0.433376352835353,0.3150798342818935,0.9760906798898602,plate,1,e1c__seed3407
WAY_BP1,37,0.9945841892041262,0.9949741893081616,0.2899803334325627,0.2052308137364632,0.988106596732909,plate,1,e1c__seed3407
WAY_BP10,38,0.9942137156579084,0.9942192320552152,0.2916111632477604,0.2018414971678223,0.9877979869818432,plate,1,e1c__seed3407
WAY_BP8,36,0.992888857267542,0.9928945292650064,0.3202772580899379,0.2207971934378909,0.9852101939553708,plate,1,e1c__seed3407
WAY_CP12,34,0.9850211283572956,0.9895343614095132,0.4493016900930702,0.310056973756959,0.9663076370505462,plate,1,e1c__seed3407
WAY_CP3,34,0.989080208414138,0.9918923877032242,0.3800222491597834,0.2595506154227628,0.9755777337434144,plate,1,e1c__seed3407
WAY_CP45,64,0.9898198111805128,0.9939023576154528,0.3734865439492294,0.2536145718515777,0.9774721197037952,plate,1,e1c__seed3407
WAY_CP46,71,0.9929266240092336,0.9948606461183944,0.3118635675460443,0.2095923155425361,0.9837623810476288,plate,1,e1c__seed3407
WAY_CP55,33,0.9780959131230929,0.9791271920550172,0.5673301985104644,0.3926509709435014,0.9546203584268372,plate,1,e1c__seed3407
WAY_CP62,31,0.993921507594735,0.994653115439746,0.3101265388773925,0.2136926385837456,0.9867378309829123,plate,1,e1c__seed3407
WAY_B-1_P13,40,0.9918463325563468,0.9923864766064234,0.3716483317022518,0.2437995068501096,0.9831400384410544,plate,2,e1c__seed3407
WAY_B-1_P16,38,0.9937719588234468,0.9943403537823068,0.3271844856870937,0.2279901777470033,0.9870286506057436,plate,2,e1c__seed3407
WAY_B-2_P12,39,0.990733838090648,0.990988813215952,0.3880850007385659,0.2717204983416715,0.9807091138416372,plate,2,e1c__seed3407
WAY_B-2_P5,37,0.993945480336976,0.9940691962472148,0.3168138541598086,0.2168698151890621,0.9874658897135644,plate,2,e1c__seed3407
WAY_B-2_P9,38,0.9914459312234668,0.9921963564767792,0.366428282296179,0.249742222733511,0.9823239481552656,plate,2,e1c__seed3407
WAY_BP5,36,0.9920702323288904,0.9922521375741694,0.348602072282446,0.2443760637167702,0.9830339585219944,plate,2,e1c__seed3407
WAY_CP19,35,0.9772362053296448,0.9772238015616884,0.5629683921620747,0.4038610749369459,0.9515227646672328,plate,2,e1c__seed3407
WAY_CP42,63,0.9855277225877064,0.9887750067509962,0.4602156809459354,0.3184130774849018,0.9678091700313084,plate,2,e1c__seed3407
WAY_CP47,71,0.9933907315159006,0.9958429287788462,0.2975382071311478,0.1957517587073153,0.9856150957625276,plate,2,e1c__seed3407
WAY_CP53,34,0.992692253082349,0.9931677824970988,0.3355518094144044,0.2401778548805137,0.984413017102958,plate,2,e1c__seed3407
WAY_CP59,33,0.9906843647603032,0.9924280884877986,0.3729192969651886,0.2456383324938976,0.9802400252971766,plate,2,e1c__seed3407
WAY_CP63,31,0.9941292097329212,0.994609097977757,0.2974644916796554,0.1998164689713663,0.9879423903255212,plate,2,e1c__seed3407
WAY_B-2_P20,38,0.9958067046995576,0.995842648007408,0.2637915138398594,0.1845028586547298,0.9909579709435588,plate,3,e1c__seed3407
WAY_B-2_P4,40,0.992879560491588,0.9931912847548396,0.343005385966299,0.2359435306793086,0.9851320906769508,plate,3,e1c__seed3407
WAY_BP14,39,0.9923145982972476,0.9926244442135546,0.3357391249263039,0.2331318305100896,0.9838847089013192,plate,3,e1c__seed3407
WAY_BP2,36,0.994262663889878,0.9942723088840036,0.2921126524533206,0.1994726197972112,0.9878895313268776,plate,3,e1c__seed3407
WAY_BP7,38,0.9945774603410008,0.9945777968568555,0.2929069266249465,0.2082394108079463,0.987966098728862,plate,3,e1c__seed3407
WAY_CP15,34,0.960742018906849,0.9624142128121164,0.90089837050611,0.6962273173040622,0.8997863793059335,plate,3,e1c__seed3407
WAY_CP16,35,0.9691309856822208,0.9733752648512424,0.7779015817210053,0.5836562471583345,0.9251186247472848,plate,3,e1c__seed3407
WAY_CP28,70,0.9908935880412836,0.9924701788620452,0.3714677470978901,0.2611417084484644,0.9800695348516614,plate,3,e1c__seed3407
WAY_CP29,67,0.9840160018185764,0.986894148183846,0.473692816606599,0.3408517227286506,0.9661604582256104,plate,3,e1c__seed3407
WAY_CP56,34,0.991389899745662,0.9915276105133346,0.35986682295809,0.2498854460686507,0.9818747774195,plate,3,e1c__seed3407
WAY_CP65,33,0.9931587080948104,0.9941946440566016,0.3267469851556215,0.2328300062971012,0.9852749665766593,plate,3,e1c__seed3407
WAY_CP68,31,0.9912410709323788,0.9918893764136948,0.3592275575382716,0.2469162066096672,0.9819870780809594,plate,3,e1c__seed3407
WAY_B-2_P24,38,0.9921933381588092,0.9927706736901478,0.3587975477906606,0.2489051926350047,0.9837168827412164,plate,4,e1c__seed3407
WAY_B-2_P3,29,0.9940066773614176,0.9946834121010631,0.3131584614486191,0.2133312661550692,0.9875075387773598,plate,4,e1c__seed3407
WAY_BP11,40,0.99459167188031,0.994664538802996,0.3025762918472882,0.2178297556322276,0.98715120128802,plate,4,e1c__seed3407
WAY_BP19,39,0.992497352654815,0.9926065093350314,0.3397234206428374,0.2394107148519532,0.9837487593564634,plate,4,e1c__seed3407
WAY_BP4,36,0.9729109993354113,0.9720820682616064,0.5932516796411859,0.4259027539623266,0.9447719431028055,plate,4,e1c__seed3407
WAY_BP9,38,0.994494418049536,0.9946950315004286,0.2936480017527604,0.2098428448220402,0.9879954298004678,plate,4,e1c__seed3407
WAY_CP17,35,0.989971748701736,0.9920768232482634,0.3828259911115391,0.271068288055332,0.9779630992564288,plate,4,e1c__seed3407
WAY_CP20,34,0.9875843576263582,0.9925657288179828,0.400429253941835,0.2743003791583412,0.9736573669838048,plate,4,e1c__seed3407
WAY_CP30,70,0.987402469687502,0.9902356591559608,0.4293330852858525,0.2993504055677035,0.971663143979328,plate,4,e1c__seed3407
WAY_CP33,67,0.9904237552701044,0.9926609567984024,0.3728549587656642,0.2546457258346424,0.9798460535470234,plate,4,e1c__seed3407
WAY_CP57,34,0.9922719882769088,0.9928913459330884,0.3373516129647302,0.235037226909353,0.9838493875376684,plate,4,e1c__seed3407
WAY_CP67,33,0.9905218561522826,0.990443313749676,0.3846844525101026,0.2751590169347174,0.97990229735545,plate,4,e1c__seed3407
WAY_B-2_P16,37,0.9935598875288556,0.9940826901659052,0.3288503042624796,0.2268863310030008,0.9864804305045312,plate,5,e1c__seed3407
WAY_B-2_P7,38,0.994864801818298,0.9951093456796012,0.2918604759986871,0.1956683971807041,0.9890528868105956,plate,5,e1c__seed3407
WAY_BP20,40,0.990055969964466,0.9904005788231772,0.383919541914953,0.2841009736994811,0.9784449765874932,plate,5,e1c__seed3407
WAY_BP23,39,0.992423391880978,0.9924306935978362,0.3360416165962259,0.2357970973776914,0.9839613846344072,plate,5,e1c__seed3407
WAY_BP3,37,0.9939359250370008,0.994098993341914,0.310572644978752,0.2171762511747171,0.9865882194543664,plate,5,e1c__seed3407
WAY_CP18,35,0.9834428102557976,0.9876405596400066,0.5010130666074365,0.347560235725985,0.9629467129065454,plate,5,e1c__seed3407
WAY_CP21,34,0.9847416564467332,0.992118070796046,0.4074495761825729,0.2762921910931825,0.9640259479779404,plate,5,e1c__seed3407
WAY_CP24,29,0.9859724502723508,0.9880334660951592,0.4510089543327343,0.3214544389289789,0.969852725754452,plate,5,e1c__seed3407
WAY_CP38,70,0.9923115946892568,0.9938495660569392,0.3331635218713224,0.2300009390498002,0.9828072264259492,plate,5,e1c__seed3407
WAY_CP44,67,0.9909182045006713,0.9927453061372022,0.3596149300841134,0.2383753671416529,0.9795428812271104,plate,5,e1c__seed3407
WAY_CP61,34,0.9919731456531434,0.9952686086002844,0.3316963353538201,0.2045967054198078,0.9811354178904692,plate,5,e1c__seed3407
WAY_CP7,33,0.9893549897828484,0.9923960305600736,0.4050247942134747,0.2744031504435719,0.9768466486545072,plate,5,e1c__seed3407
WAY_B-1_P12,36,0.9897413455809558,0.991277173577101,0.4159713015312184,0.2863860777804499,0.9785955890940264,plate,6,e1c__seed3407
WAY_B-1_P14,35,0.9930208365819768,0.9931499476253702,0.3459643559790817,0.2296016953873057,0.9854706897011156,plate,6,e1c__seed3407
WAY_B-1_P21,28,0.9668969752354656,0.9690147663532136,0.7514158871880711,0.5087724575087952,0.9309799348112496,plate,6,e1c__seed3407
WAY_B-1_P24,40,0.9899676255525686,0.990347534108028,0.4147088897984446,0.2921248763630659,0.9787502689781042,plate,6,e1c__seed3407
WAY_B-1_P6,38,0.9912543441710826,0.991289552438721,0.3853297185534296,0.2690342509340449,0.9819577654684604,plate,6,e1c__seed3407
WAY_B-2_P2,39,0.9932832112904147,0.993424170210263,0.3288661882383913,0.2219048069918563,0.9860551719329256,plate,6,e1c__seed3407
WAY_BP16,38,0.9935171754841554,0.9938492176929756,0.3158429744558556,0.2205131078827155,0.9855593463208928,plate,6,e1c__seed3407
WAY_CP2,35,0.990418968326688,0.9928273723484008,0.364081902027626,0.2540085134298701,0.9792877275955332,plate,6,e1c__seed3407
WAY_CP27,66,0.9904309648066963,0.9921233210112947,0.3742509796387342,0.2602064979529533,0.9788594340876344,plate,6,e1c__seed3407
WAY_CP39,70,0.9910357059106276,0.9928074229082944,0.3682941442178224,0.2611211641404525,0.9797777014227844,plate,6,e1c__seed3407
WAY_CP64,34,0.9947605876245468,0.9951172144301416,0.2872597618483978,0.2053173909945186,0.9887361624799832,plate,6,e1c__seed3407
WAY_CP70,33,0.9914094933899792,0.9922069130283312,0.3565564178116663,0.2353621874281687,0.9822962449054498,plate,6,e1c__seed3407
WAY_B-1_P19,35,0.99388011667239,0.9938854326877216,0.3184525820914893,0.2215392052269246,0.987252801225726,plate,7,e1c__seed3407
WAY_B-1_P22,36,0.9915185917750836,0.99364928857935,0.3567375703920934,0.2453272793477117,0.9824697924233744,plate,7,e1c__seed3407
WAY_B-1_P5,28,0.992703488340448,0.993392253946936,0.3587623761835011,0.2484484409023836,0.9844702548064588,plate,7,e1c__seed3407
WAY_B-1_P8,38,0.9925077073364126,0.9931711845464422,0.3594997104451071,0.2503125775658194,0.9841911646302768,plate,7,e1c__seed3407
WAY_B-2_P21,39,0.9939072455149008,0.9940996951807632,0.3134972492709404,0.2164727861357636,0.9872634076332092,plate,7,e1c__seed3407
WAY_B-2_P23,40,0.9948624695868632,0.9950306348937772,0.2906076498873273,0.200518197007213,0.9891942614063876,plate,7,e1c__seed3407
WAY_BP17,38,0.9927082519871194,0.9930535198054148,0.3289558350924186,0.2267232843639242,0.984343326042942,plate,7,e1c__seed3407
WAY_CP23,35,0.9847568889507696,0.9878232081776084,0.4595268365243827,0.3301798150410421,0.9657384439257952,plate,7,e1c__seed3407
WAY_CP32,66,0.990637538814455,0.9924856612646782,0.3783033921408703,0.2659330086778688,0.9797084205765886,plate,7,e1c__seed3407
WAY_CP41,70,0.9902087919329828,0.992662576527454,0.3764904292642778,0.260287504927492,0.97872325706452,plate,7,e1c__seed3407
WAY_CP66,34,0.9832149809572104,0.9845500372239636,0.5114410235603972,0.3595631055423166,0.9645743952735196,plate,7,e1c__seed3407
WAY_CP72,33,0.9857204103309506,0.986600669547233,0.4738225168339824,0.328714206045296,0.969924499998992,plate,7,e1c__seed3407
WAY_B-1_P1,38,0.9913091261768324,0.993625651378862,0.3858435133487556,0.2395323940981426,0.981732306411516,plate,8,e1c__seed3407
WAY_B-1_P10,22,0.9928098025192184,0.9937904000506376,0.3470680948291664,0.2370747428244683,0.9851310836551928,plate,8,e1c__seed3407
WAY_B-1_P2,35,0.9942365357546472,0.9945191945652886,0.3164515820965196,0.2127172790355874,0.98780392327766,plate,8,e1c__seed3407
WAY_B-1_P23,36,0.9936808377164364,0.9937521879509832,0.3256759633553746,0.2175275089325151,0.9870662613009478,plate,8,e1c__seed3407
WAY_B-1_P7,39,0.9925769952136524,0.9932364434821438,0.3547986754523209,0.2462184401526162,0.9845688579814532,plate,8,e1c__seed3407
WAY_B-2_P11,38,0.9927320490295012,0.9927899369888854,0.3496460607013049,0.2350312472371026,0.9845412914232,plate,8,e1c__seed3407
WAY_BP21,38,0.99013519841034,0.9903619467824296,0.3792731111480156,0.2715113971754688,0.978920198096539,plate,8,e1c__seed3407
WAY_CP25,69,0.9874677454511778,0.9908708956246892,0.4304823511670566,0.2924509118115546,0.9727506413356396,plate,8,e1c__seed3407
WAY_CP37,69,0.991701628306506,0.9934708562680312,0.3424479945129693,0.2378022851174421,0.9826353312411734,plate,8,e1c__seed3407
WAY_CP4,35,0.9888862081299088,0.9935189938551072,0.3687704327858186,0.2520601931574457,0.9766051705324448,plate,8,e1c__seed3407
WAY_CP69,34,0.990444474399692,0.990951105419474,0.3826891351323104,0.2635208425808107,0.9801497165133856,plate,8,e1c__seed3407
WAY_CP9,33,0.9744959345214136,0.9786086631260236,0.6060003915295449,0.4205456381514418,0.9469065563708816,plate,8,e1c__seed3407
WAY_B-1_P11,38,0.9904481868004552,0.9907384735272462,0.3971139114199319,0.2834129797368087,0.9798942225769894,plate,9,e1c__seed3407
WAY_B-1_P9,35,0.991979368142242,0.993411680565456,0.3629619943158657,0.2567669119221896,0.9829893611012288,plate,9,e1c__seed3407
WAY_B-2_P1,39,0.9936387269201078,0.9943327011919098,0.3147254993290657,0.2188482065005222,0.986602027197764,plate,9,e1c__seed3407
WAY_B-2_P10,36,0.993216153549452,0.99381611109178,0.3322233054101511,0.2293093791338296,0.9858280728255754,plate,9,e1c__seed3407
WAY_B-2_P14,38,0.9948478906392766,0.9948507728586216,0.2909350807064199,0.2034052633312993,0.989029098112788,plate,9,e1c__seed3407
WAY_BP22,38,0.993273685646652,0.993420356355754,0.3108932069359341,0.2163945308660398,0.9859417110435784,plate,9,e1c__seed3407
WAY_CP13,32,0.9863784056209034,0.9894410313058584,0.4439864060807917,0.3103475690533188,0.968968158551156,plate,9,e1c__seed3407
WAY_CP14,32,0.976196335489962,0.9753686654562308,0.6716078233199358,0.503881696516646,0.945344179362406,plate,9,e1c__seed3407
WAY_CP26,69,0.9890271217348136,0.9911551392937606,0.4058893312715734,0.2836903796158634,0.9763093944241442,plate,9,e1c__seed3407
WAY_CP48,69,0.9904583942054213,0.994265020199266,0.3411224803860988,0.2276295418279753,0.9783322211922396,plate,9,e1c__seed3407
WAY_CP51,35,0.994217389931296,0.99499092178764,0.2973603299717743,0.203620830691741,0.9878864149172012,plate,9,e1c__seed3407
WAY_CP8,34,0.9863361722539128,0.9910822809295614,0.4246026808301524,0.2968854796003101,0.9705584570740626,plate,9,e1c__seed3407
WAY_B-1_P3,39,0.9934076941877809,0.9936414265665972,0.3408711070840772,0.2288306493232835,0.9859921609816288,plate,10,e1c__seed3407
WAY_B-2_P13,35,0.9950195820326792,0.9950486540744392,0.2862338369059208,0.2003740706413692,0.9894555357771404,plate,10,e1c__seed3407
WAY_B-2_P15,38,0.9946826986478104,0.9947709001808296,0.2975119430574611,0.2059029516675998,0.988597934626528,plate,10,e1c__seed3407
WAY_B-2_P6,39,0.9919904284142216,0.9922049628745736,0.3689067721295704,0.2523277587105704,0.9826987056538038,plate,10,e1c__seed3407
WAY_B-2_P8,36,0.9944775042897216,0.9950409517356864,0.300063003546973,0.1989123120553612,0.9883506627027916,plate,10,e1c__seed3407
WAY_BP24,38,0.9897698510398996,0.990433460723817,0.3949530494874506,0.2803454572565583,0.9780643072410012,plate,10,e1c__seed3407
WAY_CP11,33,0.9880524916183684,0.993352903175476,0.4159011824916896,0.2794195075925297,0.972759748671936,plate,10,e1c__seed3407
WAY_CP31,69,0.9895918757942996,0.9917022642437296,0.3856636495536489,0.2690512538818823,0.9778605000891848,plate,10,e1c__seed3407
WAY_CP34,68,0.9879102812591954,0.9910334853175344,0.4265887591622287,0.288772801438887,0.972610882312432,plate,10,e1c__seed3407
WAY_CP50,33,0.9947975394117794,0.9952937287231436,0.2790731105690977,0.1915158592474437,0.9892690021127424,plate,10,e1c__seed3407
WAY_CP58,35,0.9932481897761176,0.9940885335946202,0.315421936127763,0.2170809763048277,0.9860165700017532,plate,10,e1c__seed3407
WAY_CP60,32,0.99069415265981,0.9915379841472014,0.3749791238477272,0.2608892201550056,0.9808404569280368,plate,10,e1c__seed3407
WAY_B-1_P4,39,0.991432859640278,0.992909322599546,0.3843359031908928,0.2513937115307824,0.9821578712692908,plate,11,e1c__seed3407
WAY_B-2_P17,38,0.9940476160001432,0.994429101195666,0.3155250460526022,0.2235330381651885,0.9873343974016784,plate,11,e1c__seed3407
WAY_B-2_P22,35,0.9949613095821525,0.995537356417545,0.290105452414177,0.1905856302601714,0.9892922874196606,plate,11,e1c__seed3407
WAY_BP13,39,0.9870775188008246,0.9874719096575512,0.4385852807132293,0.3193493377839744,0.9722968669227342,plate,11,e1c__seed3407
WAY_BP15,36,0.9935985175114546,0.9937234144738034,0.3267455987566136,0.2356602282718827,0.9851275915782068,plate,11,e1c__seed3407
WAY_BP6,38,0.9885827540130953,0.9887497068247468,0.4268853340744519,0.3079963830564335,0.9743284788933098,plate,11,e1c__seed3407
WAY_CP35,69,0.9913991906207048,0.992533409362268,0.363313581220351,0.2484877754938449,0.9814270378721996,plate,11,e1c__seed3407
WAY_CP40,68,0.9866698935555048,0.9891458265424696,0.4326617719843452,0.309135327968154,0.9708674865691488,plate,11,e1c__seed3407
WAY_CP49,33,0.9924177852237328,0.9935336373357564,0.336772817288875,0.2275729035816739,0.984365925348467,plate,11,e1c__seed3407
WAY_CP5,31,0.9894303916040676,0.9912690346056382,0.3975015062209869,0.2841321911631512,0.976816873570556,plate,11,e1c__seed3407
WAY_CP52,33,0.9931505410783708,0.9941288362964744,0.3250802997837449,0.2193962589708117,0.9855611205803718,plate,11,e1c__seed3407
WAY_CP71,35,0.9937493719447444,0.9941198889760098,0.3104587023267511,0.2155727442038506,0.9868785107828264,plate,11,e1c__seed3407
WAY_B-1_P17,40,0.9938142441167734,0.9938604864176244,0.3352671540858489,0.2329655072828262,0.9863730571049342,plate,0,e1c__seed42
WAY_B-1_P20,38,0.9952442179574252,0.9953970732633608,0.2857208119828943,0.1998984042792215,0.9899340682682676,plate,0,e1c__seed42
WAY_B-2_P19,39,0.9944049756189924,0.99481069227175,0.307686598144439,0.2020010108884502,0.987985967392643,plate,0,e1c__seed42
WAY_BP12,38,0.9918723840068387,0.991890059221502,0.3524806635610808,0.2550803614758444,0.982748636612596,plate,0,e1c__seed42
WAY_BP18,37,0.986326566571203,0.9860753457613284,0.4760885472543572,0.3569812355888507,0.9681746526623914,plate,0,e1c__seed42
WAY_CP1,34,0.9890250436750576,0.990253514141758,0.4132145193382913,0.290688460196659,0.9765257560980996,plate,0,e1c__seed42
WAY_CP10,35,0.9899700332698412,0.9930297055086011,0.3642019762768426,0.2504499714983249,0.978415573683093,plate,0,e1c__seed42
WAY_CP22,34,0.9860658878098536,0.9886891918495332,0.4382675030621819,0.3025114219790757,0.9697474274859688,plate,0,e1c__seed42
WAY_CP36,71,0.9799914838863651,0.9811241558585916,0.5648277737397391,0.4133024944835023,0.9548246787259922,plate,0,e1c__seed42
WAY_CP43,65,0.9906106244098776,0.9932691021002832,0.3640454276640605,0.2446354030006004,0.9797238140233474,plate,0,e1c__seed42
WAY_CP54,33,0.9891569788123136,0.9892017221552696,0.4034201875902398,0.2916198098663586,0.9774269605079986,plate,0,e1c__seed42
WAY_CP6,31,0.9867756594577932,0.9897594027300756,0.4375070702046372,0.3094942162860108,0.9700465553747264,plate,0,e1c__seed42
WAY_B-1_P15,40,0.9944435892903304,0.9944927996066106,0.3086205789244925,0.2047430467760845,0.9883968894625192,plate,1,e1c__seed42
WAY_B-1_P18,38,0.9868367032982912,0.987062982464182,0.4695725176893293,0.3428989656727216,0.9729047464381038,plate,1,e1c__seed42
WAY_B-2_P18,39,0.9887315674884166,0.989211992910494,0.4270133418233495,0.306489236248345,0.9767885750046508,plate,1,e1c__seed42
WAY_BP1,37,0.9946616034222824,0.994997556326989,0.2850411701106549,0.1997134435920308,0.9885017967894422,plate,1,e1c__seed42
WAY_BP10,38,0.9939732764810504,0.994085227498574,0.3050899414162348,0.2165270386183,0.9866385175976772,plate,1,e1c__seed42
WAY_BP8,36,0.9927418577303364,0.992883780476412,0.3363578821019343,0.2406016441146189,0.9836887743301342,plate,1,e1c__seed42
WAY_CP12,34,0.9851912802132504,0.9904802280323814,0.4440629836130251,0.307112624262897,0.9664059506963903,plate,1,e1c__seed42
WAY_CP3,34,0.9883677401890132,0.9918732856918347,0.3865428062167048,0.2659779897394806,0.9746614008360952,plate,1,e1c__seed42
WAY_CP45,64,0.9898910499694796,0.9937862276601211,0.3700347246784298,0.2502353613632184,0.9776778730027074,plate,1,e1c__seed42
WAY_CP46,71,0.9929044084799568,0.994706735644923,0.3128837735045731,0.210715073285735,0.9838609083817108,plate,1,e1c__seed42
WAY_CP55,33,0.9772655354289008,0.9776346921495528,0.5790485414001962,0.399601725348824,0.952729222862116,plate,1,e1c__seed42
WAY_CP62,31,0.9940280165498148,0.9950179401657177,0.3108898935390333,0.2117359372136234,0.9866671792859926,plate,1,e1c__seed42
WAY_B-1_P13,40,0.9920222782404086,0.9922071609227504,0.3674478536052922,0.2395030732236022,0.983514600315791,plate,2,e1c__seed42
WAY_B-1_P16,38,0.9941280877230166,0.9945732380447024,0.3166658480290827,0.2181347058222739,0.9878612280538,plate,2,e1c__seed42
WAY_B-2_P12,39,0.9902918892090448,0.9904968753428954,0.3989058146222612,0.2774884172530798,0.9796038641127852,plate,2,e1c__seed42
WAY_B-2_P5,37,0.9942379045641044,0.9943711765416032,0.3095677658121368,0.21205526233593,0.98803421593196,plate,2,e1c__seed42
WAY_B-2_P9,38,0.992105817578566,0.992849069408273,0.3546276442655041,0.2428800203531657,0.9834431477679508,plate,2,e1c__seed42
WAY_BP5,36,0.992066742878694,0.9919948997986476,0.350060335590338,0.2479858953430823,0.9828958106501396,plate,2,e1c__seed42
WAY_CP19,35,0.9775520792450108,0.9764123931222388,0.5594909750594271,0.4029616033864248,0.952333122203458,plate,2,e1c__seed42
WAY_CP42,63,0.98527699882954,0.9891685326910676,0.4644592137047273,0.3166660427432152,0.9667320175342696,plate,2,e1c__seed42
WAY_CP47,71,0.9932267142536924,0.9954255600671528,0.3073359910050294,0.2033918899052146,0.9845601313727184,plate,2,e1c__seed42
WAY_CP53,34,0.99236521235714,0.9928880130608796,0.3429895344050773,0.2452573606978773,0.983717721918144,plate,2,e1c__seed42
WAY_CP59,33,0.990651960706486,0.9921000747158846,0.37255737420365,0.2471705526502418,0.980283995437418,plate,2,e1c__seed42
WAY_CP63,31,0.9941335349074588,0.9947029845153924,0.2976179706021719,0.1996215243830028,0.9879186538975052,plate,2,e1c__seed42
WAY_B-2_P20,38,0.9954747668838172,0.9955512300027836,0.2776685249015552,0.1956116615525343,0.9899624528584609,plate,3,e1c__seed42
WAY_B-2_P4,40,0.992997058997814,0.9931791543637318,0.3412053851175173,0.2349573174337847,0.985295203386846,plate,3,e1c__seed42
WAY_BP14,39,0.9913252358356908,0.9918099666561262,0.356322312328008,0.2501347362477618,0.98188090734515,plate,3,e1c__seed42
WAY_BP2,36,0.9941377761580052,0.9941313644113142,0.2925330439855456,0.1985112156128716,0.9878600567160054,plate,3,e1c__seed42
WAY_BP7,38,0.9946878176879492,0.9946564834576652,0.2858612727453624,0.2004550499084475,0.988540174489337,plate,3,e1c__seed42
WAY_CP15,34,0.9620004208859876,0.9640180483867172,0.90550143392964,0.7127494826585697,0.898058016845637,plate,3,e1c__seed42
WAY_CP16,35,0.9669659973822268,0.9701318142094908,0.8373580829375863,0.6504200906931021,0.914135321268454,plate,3,e1c__seed42
WAY_CP28,70,0.991382947333068,0.9928450917938116,0.3598724217730985,0.2517366654129793,0.9812865621905816,plate,3,e1c__seed42
WAY_CP29,67,0.982987276674534,0.985755629157712,0.4907850017459635,0.3554053960879482,0.9638435983726236,plate,3,e1c__seed42
WAY_CP56,34,0.991287631974736,0.9914604661177876,0.3624554322657302,0.2508254519431327,0.9816101793499936,plate,3,e1c__seed42
WAY_CP65,33,0.9930520091603504,0.9939432103164644,0.3302701641644827,0.2370504383673666,0.9849567755648784,plate,3,e1c__seed42
WAY_CP68,31,0.9908768335094712,0.9917879246628676,0.3675611578538323,0.2520339659656282,0.981144744711163,plate,3,e1c__seed42
WAY_B-2_P24,38,0.9923689641871049,0.99250716771808,0.356083936799151,0.245116473533565,0.9839615953034334,plate,4,e1c__seed42
WAY_B-2_P3,29,0.9941352200836296,0.9948263926159768,0.3092002453411939,0.2097675937448339,0.9878205129187732,plate,4,e1c__seed42
WAY_BP11,40,0.99478029104828,0.9947469295813978,0.2987770424858766,0.2155028540564544,0.9874722519406768,plate,4,e1c__seed42
WAY_BP19,39,0.9922503839451602,0.9925062284931678,0.3437099702122836,0.2396342085690457,0.9833702920190924,plate,4,e1c__seed42
WAY_BP4,36,0.9729143779871936,0.9716743206665736,0.5935212721435111,0.4280297486318259,0.9447379018600182,plate,4,e1c__seed42
WAY_BP9,38,0.9944954789046412,0.9945836244666474,0.3024389985142601,0.2179385348216738,0.9872698558584408,plate,4,e1c__seed42
WAY_CP17,35,0.9894839389229422,0.9912914616136104,0.3966546154562674,0.2838972924859833,0.9768852363490304,plate,4,e1c__seed42
WAY_CP20,34,0.988196192916338,0.99284132943771,0.3976964816658485,0.2742846930761148,0.974640042774092,plate,4,e1c__seed42
WAY_CP30,70,0.9870547503092224,0.9902610298924936,0.4323365271063608,0.303758377726303,0.9709671775239196,plate,4,e1c__seed42
WAY_CP33,67,0.9904785327905375,0.9927160588434092,0.3744385423661624,0.2551089129367475,0.9796655000989116,plate,4,e1c__seed42
WAY_CP57,34,0.9921629320874976,0.9925421647809782,0.340641226651465,0.2379842233268444,0.9835573093436571,plate,4,e1c__seed42
WAY_CP67,33,0.9897883683568252,0.989738707622844,0.3978371293538477,0.2838836512490952,0.9784971903341212,plate,4,e1c__seed42
WAY_B-2_P16,37,0.9937027576869,0.9939268932140816,0.3274084234221759,0.2256469973852436,0.9865955534490448,plate,5,e1c__seed42
WAY_B-2_P7,38,0.9948914693284272,0.9950119851099646,0.2879904040107876,0.1930677684267478,0.989347077587216,plate,5,e1c__seed42
WAY_BP20,40,0.9906658900258372,0.9908293769037756,0.3710668416085041,0.2723608496882457,0.9798511622439076,plate,5,e1c__seed42
WAY_BP23,39,0.9928952600642929,0.9930487802743946,0.3261884627755824,0.2288457185808054,0.9848922751463705,plate,5,e1c__seed42
WAY_BP3,37,0.9937174054989448,0.993857947827706,0.3099365902612735,0.2135471973854974,0.9866496918930446,plate,5,e1c__seed42
WAY_CP18,35,0.9836442709018566,0.9889674544313376,0.4913812331262449,0.3402210575060675,0.9633327968819316,plate,5,e1c__seed42
WAY_CP21,34,0.9860116830609764,0.99203489399659,0.3887698256052485,0.2686247979666573,0.9691909507617068,plate,5,e1c__seed42
WAY_CP24,29,0.9852018652532456,0.9873823215653896,0.4621225759083044,0.3256681887867351,0.9678404417763342,plate,5,e1c__seed42
WAY_CP38,70,0.9921972671052663,0.99382840797422,0.3367507898493255,0.23294176000322,0.9820447653552,plate,5,e1c__seed42
WAY_CP44,67,0.99099252909609,0.993258055697017,0.3593618076195186,0.2401076728177169,0.9792065663217688,plate,5,e1c__seed42
WAY_CP61,34,0.9918373160680644,0.9950409190131492,0.3361713226729894,0.209293829604579,0.980727631783632,plate,5,e1c__seed42
WAY_CP7,33,0.9899437843196732,0.9913784320685888,0.3897107447920117,0.2726550983239738,0.978627810040614,plate,5,e1c__seed42
WAY_B-1_P12,36,0.9903482863398624,0.9920800245041748,0.4102373544534468,0.287358236382675,0.9791766902831508,plate,6,e1c__seed42
WAY_B-1_P14,35,0.992084998021106,0.992395517882102,0.3673349952820222,0.2397970878560852,0.9836265666553312,plate,6,e1c__seed42
WAY_B-1_P21,28,0.9679333740421524,0.9694873866315156,0.739788919571082,0.5010096740179005,0.9330919336760816,plate,6,e1c__seed42
WAY_B-1_P24,40,0.9884812550860762,0.9885724535867996,0.442209996828291,0.3105342514881639,0.9758568979277475,plate,6,e1c__seed42
WAY_B-1_P6,38,0.991456123428756,0.9914779759647742,0.3847204684576025,0.2736957808745346,0.9820144577044084,plate,6,e1c__seed42
WAY_B-2_P2,39,0.9933660944150836,0.993562405132586,0.32687082834715,0.2219086548414153,0.9862031951657828,plate,6,e1c__seed42
WAY_BP16,38,0.9936805663965236,0.993823557836917,0.309503152476721,0.2139446415196814,0.98613972489628,plate,6,e1c__seed42
WAY_CP2,35,0.9906255521053968,0.9926857907090852,0.3618303643289154,0.2542356944803894,0.9796014541874736,plate,6,e1c__seed42
WAY_CP27,66,0.9899841128913734,0.991653886007674,0.3824360952756401,0.2613555538344988,0.9782063647947654,plate,6,e1c__seed42
WAY_CP39,70,0.9912758157815312,0.992942079949424,0.3586584113995331,0.252323964038193,0.9808127207123536,plate,6,e1c__seed42
WAY_CP64,34,0.9945768712033204,0.9949257921954572,0.2913899135618799,0.2082610599172932,0.9884106720320428,plate,6,e1c__seed42
WAY_CP70,33,0.991847176317364,0.9923611691373582,0.3479745691893254,0.2293738740308623,0.9831253344861268,plate,6,e1c__seed42
WAY_B-1_P19,35,0.9934512433561388,0.993740184918645,0.3326719109269586,0.2309360903571957,0.9861039650659952,plate,7,e1c__seed42
WAY_B-1_P22,36,0.9911968790013924,0.9931818767283886,0.364551679915725,0.2506102882747398,0.981778496677992,plate,7,e1c__seed42
WAY_B-1_P5,28,0.9927265305203664,0.993274619566296,0.3557803337231678,0.2463963897454757,0.9847285979365686,plate,7,e1c__seed42
WAY_B-1_P8,38,0.9920351197957212,0.9925958875610356,0.3702051331586296,0.2593635575495571,0.9832271803946424,plate,7,e1c__seed42
WAY_B-2_P21,39,0.9936948404538852,0.9938078011018052,0.3193825331116688,0.2220549503461595,0.98677548151357,plate,7,e1c__seed42
WAY_B-2_P23,40,0.9948019247608848,0.9949389480850576,0.2926030639526755,0.2025463294020904,0.9890402770629032,plate,7,e1c__seed42
WAY_BP17,38,0.9924771765215123,0.9929343304957052,0.3330170698315234,0.2255106263805378,0.9839523371879132,plate,7,e1c__seed42
WAY_CP23,35,0.9843591216781868,0.9875044688701388,0.4753918637103009,0.343135229075879,0.963706101726086,plate,7,e1c__seed42
WAY_CP32,66,0.9910071323842704,0.9924873484211234,0.3690310727900164,0.2592112368468925,0.9807767597624556,plate,7,e1c__seed42
WAY_CP41,70,0.9898504880792072,0.9922059443372336,0.3877055722127761,0.2668653810097136,0.977238217516558,plate,7,e1c__seed42
WAY_CP66,34,0.983236422500318,0.9845822144475872,0.5107029376111357,0.3622760530672068,0.964648952736046,plate,7,e1c__seed42
WAY_CP72,33,0.9859335173183268,0.9868125437782224,0.4739315837540582,0.3357390989367683,0.9698942160700192,plate,7,e1c__seed42
WAY_B-1_P1,38,0.9920835384130936,0.9939948831919247,0.3661412746467775,0.2317276644477768,0.9835430501672512,plate,8,e1c__seed42
WAY_B-1_P10,22,0.9929349698260528,0.9935628498243628,0.3443887505921775,0.2337194615487915,0.985328235768954,plate,8,e1c__seed42
WAY_B-1_P2,35,0.9939672985046628,0.9942960959757156,0.3257525377115616,0.2204470752205324,0.9870704167693798,plate,8,e1c__seed42
WAY_B-1_P23,36,0.9932827586666992,0.993405352275929,0.3383357186190349,0.2312624976510018,0.9860407107656834,plate,8,e1c__seed42
WAY_B-1_P7,39,0.9930469928486504,0.9936172649749002,0.3444130218940938,0.2394189841051378,0.9854462579742904,plate,8,e1c__seed42
WAY_B-2_P11,38,0.9928963685121632,0.992831955995551,0.3468247287191359,0.2314343551044886,0.9847853471175348,plate,8,e1c__seed42
WAY_BP21,38,0.9900196739912072,0.9906205079664998,0.3810562371123854,0.2734224313614954,0.9787152930110428,plate,8,e1c__seed42
WAY_CP25,69,0.9873650609510984,0.990903722796071,0.4323823912635195,0.2920532257569601,0.9724215642588192,plate,8,e1c__seed42
WAY_CP37,69,0.9920035058142508,0.9937303978638072,0.3383753458149519,0.2349561294208235,0.9830626472220312,plate,8,e1c__seed42
WAY_CP4,35,0.9891743557154964,0.9936815583380564,0.3655775969139315,0.2501600121981158,0.9771062551671026,plate,8,e1c__seed42
WAY_CP69,34,0.9898175651321268,0.9908025064788456,0.3942244811125455,0.2723588639944521,0.9789406232235428,plate,8,e1c__seed42
WAY_CP9,33,0.9748824625680464,0.9782253824841532,0.5975075751780583,0.4151701377188127,0.9482598224763304,plate,8,e1c__seed42
WAY_B-1_P11,38,0.9907248539362415,0.991044693841545,0.3935653642601379,0.2820872112227118,0.9803152904132072,plate,9,e1c__seed42
WAY_B-1_P9,35,0.992278780814164,0.99364650223927,0.3567142366997449,0.251217966689174,0.9835817489282298,plate,9,e1c__seed42
WAY_B-2_P1,39,0.9940427508365864,0.9947324411397253,0.3039873608571892,0.2090382900441806,0.9874576253947362,plate,9,e1c__seed42
WAY_B-2_P10,36,0.9931228294690706,0.9939101094380276,0.3334410293825893,0.2284202112532921,0.9857251408223932,plate,9,e1c__seed42
WAY_B-2_P14,38,0.9951610985436932,0.9952539641884376,0.2834200032075906,0.1969175145090731,0.989579546751086,plate,9,e1c__seed42
WAY_BP22,38,0.9929982312937808,0.9931269986225943,0.317856141127555,0.220602666964217,0.9853055391122152,plate,9,e1c__seed42
WAY_CP13,32,0.9876400959864904,0.9899850300284924,0.4244417839314672,0.297407484792375,0.9719597552320384,plate,9,e1c__seed42
WAY_CP14,32,0.9693390376870824,0.9686585985830808,0.7831265202889074,0.6042262364550298,0.9265731412284852,plate,9,e1c__seed42
WAY_CP26,69,0.9890141517648472,0.9911659109187048,0.4050325978073229,0.2846922210984883,0.9765050627826998,plate,9,e1c__seed42
WAY_CP48,69,0.9905595858044206,0.9944745596473832,0.3374552305306652,0.2262816132350783,0.9789804442501135,plate,9,e1c__seed42
WAY_CP51,35,0.9943311086529611,0.9950682970094996,0.295274710107176,0.2034232916256053,0.9880549773145566,plate,9,e1c__seed42
WAY_CP8,34,0.9859630544348852,0.990054107855174,0.4336072005748472,0.3029434846378959,0.96975284252247,plate,9,e1c__seed42
WAY_B-1_P3,39,0.9933307143505888,0.9936280429479392,0.3449428923607738,0.2348900707600532,0.9856595919490274,plate,10,e1c__seed42
WAY_B-2_P13,35,0.9951407919757668,0.995121158993769,0.2815912456370633,0.1968340720022796,0.9897953667900854,plate,10,e1c__seed42
WAY_B-2_P15,38,0.9948874623441312,0.9949858639856576,0.2919937984462226,0.2009013144515507,0.9890104326468626,plate,10,e1c__seed42
WAY_B-2_P6,39,0.9923726440362036,0.9924565786411264,0.3553133848737985,0.2415487828124541,0.983952271767472,plate,10,e1c__seed42
WAY_B-2_P8,36,0.9944664859895288,0.9949675736793012,0.300804204355337,0.1995084046781859,0.9882982723185422,plate,10,e1c__seed42
WAY_BP24,38,0.9901601161698118,0.9906572539889428,0.3934435102069292,0.2827452640233028,0.978219219997338,plate,10,e1c__seed42
WAY_CP11,33,0.9887266487932528,0.9934108824390252,0.4012402229669154,0.2715017968116349,0.9737340750368216,plate,10,e1c__seed42
WAY_CP31,69,0.9895852520467182,0.9916089565936044,0.3875548870770152,0.2707435621051456,0.9777692837999682,plate,10,e1c__seed42
WAY_CP34,68,0.9878555991833824,0.990881982743433,0.4280637343116019,0.2905575736432328,0.972520490196681,plate,10,e1c__seed42
WAY_CP50,33,0.99506519297393,0.9955248919343296,0.2729604553439059,0.1887961179551241,0.989734055407452,plate,10,e1c__seed42
WAY_CP58,35,0.9936707812584166,0.994447169123856,0.3060904466052032,0.2100949894325734,0.9868244999007884,plate,10,e1c__seed42
WAY_CP60,32,0.9913199809981575,0.9919378247820584,0.3629816840823535,0.2530396647980752,0.9820833035846812,plate,10,e1c__seed42
WAY_B-1_P4,39,0.9915316870769936,0.9929627472728726,0.3819226973197832,0.2538351739518777,0.9823750979161076,plate,11,e1c__seed42
WAY_B-2_P17,38,0.9941533937628676,0.994472229366788,0.3144078202698749,0.2221582359172364,0.9874309842875773,plate,11,e1c__seed42
WAY_B-2_P22,35,0.995232821645771,0.9956890524372244,0.2829730019824549,0.1859034964546265,0.9898108695490784,plate,11,e1c__seed42
WAY_BP13,39,0.9870713041570928,0.987535915158879,0.4436151935293858,0.3256448693195782,0.9716513694195158,plate,11,e1c__seed42
WAY_BP15,36,0.993223188493298,0.9932922895807312,0.3374228175485056,0.2443689000338084,0.9841379189802228,plate,11,e1c__seed42
WAY_BP6,38,0.9885765729525462,0.9887453309334095,0.4242497223049672,0.3041410746369638,0.97467248579719,plate,11,e1c__seed42
WAY_CP35,69,0.9918598224876152,0.99296567269999,0.3530912228573664,0.2385445257375369,0.982457375344534,plate,11,e1c__seed42
WAY_CP40,68,0.9867584533007258,0.9891782793545154,0.4277182544514649,0.3035407810257219,0.9711502341742416,plate,11,e1c__seed42
WAY_CP49,33,0.9931962847861044,0.994268862226752,0.3202189497951804,0.2137190723167751,0.9858601141827118,plate,11,e1c__seed42
WAY_CP5,31,0.9903367346525124,0.99217549782372,0.3842056774886218,0.2752225944308006,0.978638038482268,plate,11,e1c__seed42
WAY_CP52,33,0.993012916793696,0.9939735133083136,0.3273421952480703,0.2221963146038631,0.9853576735285164,plate,11,e1c__seed42
WAY_CP71,35,0.9934721307155,0.99375377692735,0.3152446918247584,0.2177554355875476,0.9864656799764868,plate,11,e1c__seed42
WAY_B-1_P17,40,0.9935354992005784,0.9937595431887248,0.3479949049750666,0.243393357946547,0.985327348022802,plate,0,e1e__seed20260810
WAY_B-1_P20,38,0.9952490454927068,0.9952378872731708,0.2878399533014952,0.2012909533738934,0.9897999674094204,plate,0,e1e__seed20260810
WAY_B-2_P19,39,0.993564059908577,0.9934676539983394,0.3278830541177643,0.2213367078594089,0.986369682284554,plate,0,e1e__seed20260810
WAY_BP12,38,0.99233132314499,0.9922172848478444,0.3441144353159692,0.2496603064364412,0.983558626960828,plate,0,e1e__seed20260810
WAY_BP18,37,0.9876520413837974,0.988185005979326,0.444742138653776,0.3296301550433153,0.972224455688172,plate,0,e1e__seed20260810
WAY_CP1,34,0.989877290809328,0.9910942534183422,0.3993156718055765,0.2804917914207808,0.9780408892729556,plate,0,e1e__seed20260810
WAY_CP10,35,0.9902368263606092,0.9928844666869584,0.3526848758440576,0.2404007295897594,0.9796094338322268,plate,0,e1e__seed20260810
WAY_CP22,34,0.9867141743050202,0.988194144620319,0.4320445270503424,0.3000881410416883,0.9717461081251904,plate,0,e1e__seed20260810
WAY_CP36,71,0.980294644748261,0.9825298648088092,0.5566776922278363,0.4065241161974228,0.9557515963808718,plate,0,e1e__seed20260810
WAY_CP43,65,0.991322943951681,0.9938820838399518,0.349397065570768,0.2346820417682511,0.9811966073741388,plate,0,e1e__seed20260810
WAY_CP54,33,0.9884452857161506,0.9887101872750744,0.4157318977330838,0.3027882563848351,0.9760244653299892,plate,0,e1e__seed20260810
WAY_CP6,31,0.9875811385280152,0.9900016186614206,0.4296175125694622,0.3049121427223654,0.9717022702725528,plate,0,e1e__seed20260810
WAY_B-1_P15,40,0.993946567923959,0.994103442826954,0.3228154844187967,0.2114912481365357,0.9873010744161832,plate,1,e1e__seed20260810
WAY_B-1_P18,38,0.9860502907442424,0.986522233259518,0.4815088756699683,0.352624164391416,0.9715210670461176,plate,1,e1e__seed20260810
WAY_B-2_P18,39,0.9884038679534106,0.9889918030940682,0.4383605083474189,0.3198076135273414,0.9755375990881192,plate,1,e1e__seed20260810
WAY_BP1,37,0.9944720659072684,0.9948381826053972,0.286602747173914,0.1992020612746663,0.9883784614423357,plate,1,e1e__seed20260810
WAY_BP10,38,0.994130983218447,0.9941300544481716,0.2951269451190902,0.2069633103761119,0.9875011930756156,plate,1,e1e__seed20260810
WAY_BP8,36,0.9924222557256648,0.9925826421296866,0.3346339248986864,0.2344247882941512,0.9838585897234452,plate,1,e1e__seed20260810
WAY_CP12,34,0.9857798115782824,0.9904685116206352,0.4379450285508613,0.3011246654817576,0.9672080564953512,plate,1,e1e__seed20260810
WAY_CP3,34,0.9889445772371398,0.9923504943470972,0.3728311828892685,0.2556564457249927,0.9761638974812586,plate,1,e1e__seed20260810
WAY_CP45,64,0.9888222210421994,0.993506940567867,0.3844092536575924,0.25861738625511,0.9751587857501622,plate,1,e1e__seed20260810
WAY_CP46,71,0.9926800241265544,0.994740256945924,0.3197765502651066,0.214558160160486,0.9826688180616628,plate,1,e1e__seed20260810
WAY_CP55,33,0.9755995498750611,0.9770502368105204,0.5969432322230475,0.4118309094905473,0.9497823718369762,plate,1,e1e__seed20260810
WAY_CP62,31,0.9943426734011211,0.995022715587703,0.3028829434180034,0.2064394397680734,0.9873402343706876,plate,1,e1e__seed20260810
WAY_B-1_P13,40,0.9925616595949868,0.992842158417356,0.3549342799991017,0.2313575439929154,0.9846202840980288,plate,2,e1e__seed20260810
WAY_B-1_P16,38,0.9941367671204152,0.9945445214717654,0.3165689837620649,0.2175068071749133,0.9878615891008676,plate,2,e1e__seed20260810
WAY_B-2_P12,39,0.9915000083903286,0.9917164082013322,0.3729404771431051,0.2619919622135364,0.9822058797773394,plate,2,e1e__seed20260810
WAY_B-2_P5,37,0.9941469895562975,0.9942853238611116,0.3116382916530709,0.2130004355553396,0.987873306709905,plate,2,e1e__seed20260810
WAY_B-2_P9,38,0.9923280895655604,0.9931602756810256,0.3482178935098952,0.2377975729644705,0.9840187482764268,plate,2,e1e__seed20260810
WAY_BP5,36,0.9923234792978142,0.9923005181669636,0.3421265557817352,0.2400709817288899,0.9836567123330382,plate,2,e1e__seed20260810
WAY_CP19,35,0.97759179790808,0.9772490536035136,0.5588023295247209,0.4030219279087709,0.952405573538028,plate,2,e1e__seed20260810
WAY_CP42,63,0.9855333440985496,0.9892276125231948,0.4557786457489929,0.3165030525621836,0.968246116304112,plate,2,e1e__seed20260810
WAY_CP47,71,0.9932400122847068,0.9955786640440194,0.3045959506841019,0.200741037416629,0.9847191206392542,plate,2,e1e__seed20260810
WAY_CP53,34,0.99226886491596,0.9925870914383008,0.3455371286574152,0.2476603237734153,0.9834810730907796,plate,2,e1e__seed20260810
WAY_CP59,33,0.9909197873751592,0.9922180836840514,0.3676369856879285,0.2435271795594278,0.980778435918094,plate,2,e1e__seed20260810
WAY_CP63,31,0.9942849701249952,0.9947395683877857,0.2945095315223485,0.1983939955291593,0.9881765194493328,plate,2,e1e__seed20260810
WAY_B-2_P20,38,0.9956143724008,0.995637951226632,0.2721125539702513,0.1910403697601061,0.99036451521653,plate,3,e1e__seed20260810
WAY_B-2_P4,40,0.9930912663857931,0.9933237785911864,0.3408615133399966,0.2335787436765295,0.9853269385144758,plate,3,e1e__seed20260810
WAY_BP14,39,0.9923303689513594,0.9928648265900676,0.3364667190296004,0.2369623115096364,0.983825729383458,plate,3,e1e__seed20260810
WAY_BP2,36,0.9944160730318902,0.9945419588374048,0.2866158714976561,0.1961601183842672,0.9883383512883062,plate,3,e1e__seed20260810
WAY_BP7,38,0.9944553645230771,0.9945689356100677,0.2957034852915103,0.2098345975281658,0.9877327097499692,plate,3,e1e__seed20260810
WAY_CP15,34,0.964735395246363,0.9666885672704308,0.8691642118936914,0.6790934767149224,0.9060015860659056,plate,3,e1e__seed20260810
WAY_CP16,35,0.9719834542574876,0.9762830847955684,0.7340613933086004,0.5440727747673038,0.932858727020355,plate,3,e1e__seed20260810
WAY_CP28,70,0.9914282093677466,0.9929654423738768,0.3579627905321084,0.2494877357306625,0.981369541925791,plate,3,e1e__seed20260810
WAY_CP29,67,0.9836626499603603,0.9864757541506172,0.4826788385907881,0.3501906086236342,0.9648507983595954,plate,3,e1e__seed20260810
WAY_CP56,34,0.9919741482319032,0.9922392640954856,0.3479756867452963,0.2399575642530833,0.9830478342042294,plate,3,e1e__seed20260810
WAY_CP65,33,0.993217254618022,0.993994927109878,0.3236696261626922,0.231411413445535,0.9855533820419105,plate,3,e1e__seed20260810
WAY_CP68,31,0.991332215779698,0.9919946204699842,0.3566990083244766,0.2432922912986974,0.9822459969394016,plate,3,e1e__seed20260810
WAY_B-2_P24,38,0.9922229413002156,0.9926052182819708,0.3578656432488493,0.2470587404750747,0.98379085546452,plate,4,e1e__seed20260810
WAY_B-2_P3,29,0.994177605826522,0.9945500689641184,0.3090252857617319,0.2103120921554917,0.9878335002286324,plate,4,e1e__seed20260810
WAY_BP11,40,0.9947227283479468,0.9947494504432896,0.2903003539522313,0.2063337112497347,0.98817102762778,plate,4,e1e__seed20260810
WAY_BP19,39,0.9924631586377274,0.992669695847234,0.3395280190469903,0.2366894066614409,0.9837689666368206,plate,4,e1e__seed20260810
WAY_BP4,36,0.972646605687432,0.971664049158609,0.5957016420065802,0.4290085497243406,0.9443348566250152,plate,4,e1e__seed20260810
WAY_BP9,38,0.9946376743423332,0.9948128954383372,0.2934670220453943,0.2096045770639288,0.9880047538379793,plate,4,e1e__seed20260810
WAY_CP17,35,0.9899791405036978,0.991978882024826,0.3837279185044303,0.2718119964976384,0.9781000036765582,plate,4,e1e__seed20260810
WAY_CP20,34,0.9876905874820616,0.993073449976608,0.3989417611534365,0.2705076347383713,0.9731994993863012,plate,4,e1e__seed20260810
WAY_CP30,70,0.987115977027181,0.9899611526514868,0.4326336603567092,0.303870776924417,0.9712861614721754,plate,4,e1e__seed20260810
WAY_CP33,67,0.9904552763188064,0.9919612084525375,0.3765378071265164,0.2569611000462811,0.9799115790890244,plate,4,e1e__seed20260810
WAY_CP57,34,0.9924508985685088,0.9926296015506813,0.3333667536652491,0.2318746048930287,0.9842388514341848,plate,4,e1e__seed20260810
WAY_CP67,33,0.9891926908527416,0.9891571258618028,0.4082305538072636,0.2895741183015942,0.9773674722649144,plate,4,e1e__seed20260810
WAY_B-2_P16,37,0.9934918137452085,0.9937052371992838,0.3298676176107635,0.2279216070864609,0.986395995112812,plate,5,e1e__seed20260810
WAY_B-2_P7,38,0.99460568161364,0.994963571270959,0.2978589341249404,0.1986143750580796,0.9886006061450388,plate,5,e1e__seed20260810
WAY_BP20,40,0.9912361374658364,0.9915618274863444,0.3604806126318649,0.2627028845091408,0.980994107679717,plate,5,e1e__seed20260810
WAY_BP23,39,0.9933334153534518,0.9934211691426538,0.3161097497602474,0.2202012499868867,0.9858080097595874,plate,5,e1e__seed20260810
WAY_BP3,37,0.9940884959070218,0.994286907910416,0.30528192962681,0.2119326619138631,0.987031180911763,plate,5,e1e__seed20260810
WAY_CP18,35,0.984324734123474,0.9885563981319728,0.480740788581957,0.3370203711678557,0.9658480095852604,plate,5,e1e__seed20260810
WAY_CP21,34,0.9874359808282812,0.9924232304616404,0.3850640649586247,0.2650348849420713,0.9716642045853708,plate,5,e1e__seed20260810
WAY_CP24,29,0.9839082356453632,0.9864653168424338,0.48325148407821,0.340709597177018,0.9654481171703332,plate,5,e1e__seed20260810
WAY_CP38,70,0.992141142995436,0.9936932996477078,0.3356032294916216,0.2326740310319055,0.9825808641912068,plate,5,e1e__seed20260810
WAY_CP44,67,0.9912193551154496,0.9930724165635156,0.3542225643435916,0.2348305680932401,0.9800459891065012,plate,5,e1e__seed20260810
WAY_CP61,34,0.9915100664258404,0.9948529038459656,0.3428856184968783,0.2163542643360424,0.9801038367821316,plate,5,e1e__seed20260810
WAY_CP7,33,0.9899416989989832,0.9922853463809106,0.3943078789151251,0.2688470140534947,0.9780120763827423,plate,5,e1e__seed20260810
WAY_B-1_P12,36,0.9907205825923132,0.9924438229349866,0.3984942570217287,0.2759315510312295,0.980351330399471,plate,6,e1e__seed20260810
WAY_B-1_P14,35,0.9923553080757674,0.9926374290811032,0.3608217983491401,0.2380181928537592,0.984186776898424,plate,6,e1e__seed20260810
WAY_B-1_P21,28,0.967605722597232,0.9692747578533162,0.7449910097887545,0.5024703907024622,0.9321995506446664,plate,6,e1e__seed20260810
WAY_B-1_P24,40,0.989008147182788,0.9890448949362114,0.4333494955294246,0.306999456649546,0.9768622345891104,plate,6,e1e__seed20260810
WAY_B-1_P6,38,0.9912671372535816,0.9914372064332506,0.3872708725641111,0.2743234725534691,0.9817810002330942,plate,6,e1e__seed20260810
WAY_B-2_P2,39,0.9931663157382562,0.993192179246882,0.3316245041540824,0.2245382905443597,0.9858194736733616,plate,6,e1e__seed20260810
WAY_BP16,38,0.9935442138918696,0.9938537173966202,0.3102276099407194,0.212919422423498,0.986069122210032,plate,6,e1e__seed20260810
WAY_CP2,35,0.990090886123266,0.9928792180492,0.3665250770529533,0.2547495512486792,0.9783202026997888,plate,6,e1e__seed20260810
WAY_CP27,66,0.9895166541832656,0.9916430326795656,0.38651574110705,0.263409563099956,0.9770205211648558,plate,6,e1e__seed20260810
WAY_CP39,70,0.9913049872837753,0.9929366124688424,0.3610408576401394,0.2538077729470268,0.9805384432709198,plate,6,e1e__seed20260810
WAY_CP64,34,0.9944379353481584,0.9948184894932328,0.2960345299936089,0.2119849341059627,0.9880345957342146,plate,6,e1e__seed20260810
WAY_CP70,33,0.99150843316587,0.9924831944216655,0.3549993724398598,0.2358525090341308,0.9824373253901018,plate,6,e1e__seed20260810
WAY_B-1_P19,35,0.9933607147011668,0.993291491828056,0.3316610356726777,0.2335598410229467,0.9861885202515196,plate,7,e1e__seed20260810
WAY_B-1_P22,36,0.990357169301763,0.992335018767922,0.3841355935923022,0.2684349644215025,0.979935095997704,plate,7,e1e__seed20260810
WAY_B-1_P5,28,0.992693049010626,0.9932310485079944,0.3591000626095931,0.2498944655431266,0.9844454609219556,plate,7,e1e__seed20260810
WAY_B-1_P8,38,0.9913820140735534,0.9920196285072052,0.3851595045481585,0.269369412182656,0.9818797991475168,plate,7,e1e__seed20260810
WAY_B-2_P21,39,0.9936448439550896,0.9937884082750382,0.3196052882349225,0.2225773373013265,0.9867728154516188,plate,7,e1e__seed20260810
WAY_B-2_P23,40,0.9948600601951204,0.995002970944858,0.2917385182653855,0.2030019128159866,0.989106850820012,plate,7,e1e__seed20260810
WAY_BP17,38,0.9930234312231652,0.9936555488258136,0.3226360740266965,0.2176634144471336,0.984930041548398,plate,7,e1e__seed20260810
WAY_CP23,35,0.9856667503584414,0.9884960078240838,0.4516998984191831,0.3247357210271263,0.9679199210933048,plate,7,e1e__seed20260810
WAY_CP32,66,0.991015325811112,0.9923136340725568,0.3703533409223191,0.2602874019955821,0.9807633945848993,plate,7,e1e__seed20260810
WAY_CP41,70,0.9899603939142778,0.9921603817723584,0.382407607845249,0.2643193258549567,0.978105124763926,plate,7,e1e__seed20260810
WAY_CP66,34,0.9828454570081782,0.9836031634943232,0.5179747529896717,0.3688671966244303,0.9636845610367292,plate,7,e1e__seed20260810
WAY_CP72,33,0.9865654991785768,0.9874950861734734,0.460623619259053,0.3217165680141167,0.971525694602256,plate,7,e1e__seed20260810
WAY_B-1_P1,38,0.9918583742896528,0.9936879735458084,0.3723179254284454,0.2324580310241621,0.9829912441434095,plate,8,e1e__seed20260810
WAY_B-1_P10,22,0.9933392130385008,0.9939391480710728,0.3329419430309038,0.2256235115506578,0.9863224984555402,plate,8,e1e__seed20260810
WAY_B-1_P2,35,0.99420030003847,0.994501416904866,0.3171929251525761,0.2142509006140382,0.9877451041439138,plate,8,e1e__seed20260810
WAY_B-1_P23,36,0.9935448714250568,0.9935157713265406,0.3306925493863799,0.2244813973535087,0.9866638759884444,plate,8,e1e__seed20260810
WAY_B-1_P7,39,0.9934787406201664,0.994157814137111,0.3343176934588634,0.2316267853237321,0.986296564782894,plate,8,e1e__seed20260810
WAY_B-2_P11,38,0.99286716150128,0.993009775885702,0.3446925189863446,0.2298788165305045,0.9849881043784896,plate,8,e1e__seed20260810
WAY_BP21,38,0.9905662756789856,0.9913080622293944,0.3744127243237458,0.2712581933019849,0.9794467022194284,plate,8,e1e__seed20260810
WAY_CP25,69,0.9877636392978452,0.9909349687959398,0.4246937500251192,0.2877735382326337,0.9736111244498312,plate,8,e1e__seed20260810
WAY_CP37,69,0.9919693000126756,0.9936669701334914,0.3380679535263705,0.234432703728654,0.9830826897256147,plate,8,e1e__seed20260810
WAY_CP4,35,0.9886086715063166,0.9932104369434988,0.3736929984375166,0.2576303605806805,0.9760894980553172,plate,8,e1e__seed20260810
WAY_CP69,34,0.990339444321988,0.9910429340223326,0.3845216991748793,0.2637389118474111,0.979957898326071,plate,8,e1e__seed20260810
WAY_CP9,33,0.9746270678688675,0.9776115978616242,0.6095955262647114,0.4227710960996899,0.9467590630228896,plate,8,e1e__seed20260810
WAY_B-1_P11,38,0.9906367778450844,0.9910296842990962,0.3943085265393567,0.2820543938172106,0.9801461081165171,plate,9,e1e__seed20260810
WAY_B-1_P9,35,0.9917246860064804,0.9929289528828412,0.3685100247698656,0.2631995500098378,0.9824961960291332,plate,9,e1e__seed20260810
WAY_B-2_P1,39,0.99400082892358,0.9946529761884438,0.3065567433818553,0.2099900343990647,0.9872358238102172,plate,9,e1e__seed20260810
WAY_B-2_P10,36,0.9935602914699267,0.994330631737564,0.3244146694672277,0.2242409989772698,0.9864831839036784,plate,9,e1e__seed20260810
WAY_B-2_P14,38,0.995319648367898,0.9954261027001045,0.2787681609391996,0.1944848994978352,0.9899155157233748,plate,9,e1e__seed20260810
WAY_BP22,38,0.9931235637954856,0.9931847541025128,0.3165891173154364,0.2220833189825688,0.9854205402382004,plate,9,e1e__seed20260810
WAY_CP13,32,0.9872727083540024,0.9896171721880458,0.4351750493076947,0.3090936730700185,0.9711088380893588,plate,9,e1e__seed20260810
WAY_CP14,32,0.9727832383700188,0.9723538786676792,0.7298398054748696,0.5536145885025197,0.9357235012558892,plate,9,e1e__seed20260810
WAY_CP26,69,0.989499439602839,0.9910869571280768,0.3957177378448009,0.2782463391481626,0.9775390275721106,plate,9,e1e__seed20260810
WAY_CP48,69,0.9900425272086418,0.9944388346734844,0.3474725689183764,0.2306554088147272,0.9770568710494406,plate,9,e1e__seed20260810
WAY_CP51,35,0.9940600575819416,0.994872742917397,0.3011749745000857,0.2066092721448329,0.987567794337794,plate,9,e1e__seed20260810
WAY_CP8,34,0.9859873444643282,0.9906853935452644,0.4309550863333296,0.301766268988977,0.9696887967954224,plate,9,e1e__seed20260810
WAY_B-1_P3,39,0.9933873284679862,0.9935940761074876,0.3415638052040891,0.2299699556915362,0.9859312078120752,plate,10,e1e__seed20260810
WAY_B-2_P13,35,0.9948574164900836,0.9948129121288588,0.2913988534478515,0.2047191630341786,0.9890751132143532,plate,10,e1e__seed20260810
WAY_B-2_P15,38,0.9948879886732253,0.9950321004345232,0.295221487054523,0.20469006963807,0.98877356232222,plate,10,e1e__seed20260810
WAY_B-2_P6,39,0.9917987843565002,0.9921570901065536,0.3711078338377276,0.2526232321697615,0.9824935613852784,plate,10,e1e__seed20260810
WAY_B-2_P8,36,0.9946399660693908,0.9952361955542663,0.2965802986899082,0.1964403571209365,0.9886263387173976,plate,10,e1e__seed20260810
WAY_BP24,38,0.9895165310820344,0.9897588330245716,0.4020395522345938,0.2853337550475706,0.977260209571146,plate,10,e1e__seed20260810
WAY_CP11,33,0.9889255551149626,0.993429987883248,0.3954475680378723,0.2714676730424143,0.9753374079222116,plate,10,e1e__seed20260810
WAY_CP31,69,0.9896513523308428,0.9916908427673184,0.3838540984531785,0.2665136490242901,0.9779850162005584,plate,10,e1e__seed20260810
WAY_CP34,68,0.9882481718057996,0.9909740371689928,0.4176946725820569,0.2852824125376337,0.9738471783854236,plate,10,e1e__seed20260810
WAY_CP50,33,0.994876802642419,0.9954865389171426,0.2778810547088373,0.1912792787855559,0.9893604939652214,plate,10,e1e__seed20260810
WAY_CP58,35,0.9933913002328538,0.9942223590493864,0.3130040255515218,0.2141135052425225,0.9862242588970876,plate,10,e1e__seed20260810
WAY_CP60,32,0.9912550265430916,0.9919229485740312,0.3632863232876588,0.2514039628504111,0.9820190331798552,plate,10,e1e__seed20260810
WAY_B-1_P4,39,0.9911582053706576,0.9926651067672636,0.3908797801178185,0.2638384805282925,0.9815533471067432,plate,11,e1e__seed20260810
WAY_B-2_P17,38,0.9936639534838728,0.9940035742475408,0.3267146652861931,0.231913628891867,0.9864273754217784,plate,11,e1e__seed20260810
WAY_B-2_P22,35,0.995310713204598,0.9957615855294012,0.280938375789701,0.1839674082542914,0.9899500240871336,plate,11,e1e__seed20260810
WAY_BP13,39,0.9892592385119572,0.9893187678397294,0.4021375461820326,0.2918786009461923,0.9766870774646712,plate,11,e1e__seed20260810
WAY_BP15,36,0.9937160391195716,0.9940012054008388,0.3240858713212023,0.2326771832764617,0.9853616874443056,plate,11,e1e__seed20260810
WAY_BP6,38,0.9894651408677152,0.9897591890862024,0.4104561039257277,0.2955328924619818,0.9762664208187428,plate,11,e1e__seed20260810
WAY_CP35,69,0.9915192030446166,0.99269251941934,0.3590371504056779,0.2435769296893888,0.981871436119106,plate,11,e1e__seed20260810
WAY_CP40,68,0.9865860098698876,0.9891834219920748,0.4308210290733326,0.308275797281517,0.9706315871304528,plate,11,e1e__seed20260810
WAY_CP49,33,0.9928526427696494,0.9940515405514369,0.3274455635489905,0.2169971502335174,0.985218026526944,plate,11,e1e__seed20260810
WAY_CP5,31,0.989203980818876,0.9910348916144244,0.4050835793169254,0.2913403286987326,0.975951597262682,plate,11,e1e__seed20260810
WAY_CP52,33,0.9928160498818528,0.9938474730669238,0.331045637320302,0.2250963992626812,0.9850275584560624,plate,11,e1e__seed20260810
WAY_CP71,35,0.9937165438591374,0.994094730105018,0.3105181460905156,0.2145477896982181,0.9868733713887896,plate,11,e1e__seed20260810
WAY_B-1_P17,40,0.9934893840735544,0.9936570958186924,0.3454254320840972,0.239717160196013,0.9855369067487848,plate,0,e1e__seed3407
WAY_B-1_P20,38,0.995521750139199,0.995645351658285,0.2767845594958349,0.1930823141634423,0.9905513464386988,plate,0,e1e__seed3407
WAY_B-2_P19,39,0.9936582534273154,0.9937127714016823,0.3272726677062135,0.219723338410633,0.9864200015965048,plate,0,e1e__seed3407
WAY_BP12,38,0.9918707822700548,0.9920091947933932,0.3501323862773325,0.2522012316299718,0.9829763431128248,plate,0,e1e__seed3407
WAY_BP18,37,0.9876088604944284,0.987335498905234,0.4383422136265145,0.3209982635045066,0.9730206763976572,plate,0,e1e__seed3407
WAY_CP1,34,0.9894645777176312,0.9911107844652176,0.4102336908965106,0.2860820378227881,0.9768192872692396,plate,0,e1e__seed3407
WAY_CP10,35,0.9902720809363084,0.9936987116861566,0.3509459650137971,0.2388059402202431,0.9793199509871154,plate,0,e1e__seed3407
WAY_CP22,34,0.9865413170206542,0.988557915915156,0.4304079241638406,0.2961020271911286,0.971481611329526,plate,0,e1e__seed3407
WAY_CP36,71,0.9802937367425688,0.9826782642692984,0.5532272629552631,0.4007059284856588,0.9561730319076333,plate,0,e1e__seed3407
WAY_CP43,65,0.9910669670506254,0.9938029460655682,0.3522185071318532,0.2367454489872828,0.9808909545694714,plate,0,e1e__seed3407
WAY_CP54,33,0.988262379918506,0.9887687360644296,0.4185162726826942,0.3051570751001742,0.975687658792038,plate,0,e1e__seed3407
WAY_CP6,31,0.9877656122980794,0.990342101103096,0.4227601427467117,0.298575132347855,0.9726010739652616,plate,0,e1e__seed3407
WAY_B-1_P15,40,0.9940986400470024,0.994253099858305,0.3187452660519436,0.2109974421549882,0.9876208201510884,plate,1,e1e__seed3407
WAY_B-1_P18,38,0.986705432214681,0.9873513202198476,0.4739154768457603,0.3465043661231036,0.9724209383270156,plate,1,e1e__seed3407
WAY_B-2_P18,39,0.9889188139083706,0.989292025168092,0.422897861093469,0.3060894960570437,0.9772257024007605,plate,1,e1e__seed3407
WAY_BP1,37,0.9945491622150008,0.994959286964054,0.2899554830280194,0.2043662901048367,0.9881050848806506,plate,1,e1e__seed3407
WAY_BP10,38,0.9942409928887804,0.9941997522239449,0.2913121756609669,0.2023905182759835,0.9878229492239842,plate,1,e1e__seed3407
WAY_BP8,36,0.9929240242990924,0.9930583370112196,0.319961715171337,0.2206675640714743,0.9852387979741706,plate,1,e1e__seed3407
WAY_CP12,34,0.984381917166296,0.9893774812383366,0.4586772386135977,0.3170526591078715,0.9648578481195385,plate,1,e1e__seed3407
WAY_CP3,34,0.988675209971519,0.9913951398884898,0.387141390638847,0.2657372635880048,0.9747070093155732,plate,1,e1e__seed3407
WAY_CP45,64,0.9899038485822422,0.9940871349140756,0.3722400768913472,0.252402132808338,0.977465375151882,plate,1,e1e__seed3407
WAY_CP46,71,0.9927075033357656,0.99464075312272,0.3178758939209548,0.2145731891122669,0.98338230821894,plate,1,e1e__seed3407
WAY_CP55,33,0.9775606587333032,0.9785632599910398,0.5716786911120624,0.3955404146571913,0.9539182124572986,plate,1,e1e__seed3407
WAY_CP62,31,0.9939746780590092,0.9948716883263446,0.3119106060737848,0.2122862317303797,0.9865822092716494,plate,1,e1e__seed3407
WAY_B-1_P13,40,0.9922677854175636,0.9924916388767702,0.3613308170488653,0.2368871073518552,0.9840575671338506,plate,2,e1e__seed3407
WAY_B-1_P16,38,0.9936236015102394,0.9939642437337776,0.3306219162923633,0.2310007437037692,0.9867625954809942,plate,2,e1e__seed3407
WAY_B-2_P12,39,0.9906033186141294,0.9907772215161862,0.3908234200492728,0.274382782760491,0.9804521409678916,plate,2,e1e__seed3407
WAY_B-2_P5,37,0.9940071499926876,0.9940622526947296,0.3137239598964051,0.2158981374977029,0.9877087253387496,plate,2,e1e__seed3407
WAY_B-2_P9,38,0.9917788562888484,0.9925495500151312,0.3603769134666519,0.2455610751427176,0.9829055348655334,plate,2,e1e__seed3407
WAY_BP5,36,0.992562562088046,0.9925702347711984,0.3395684153416822,0.238509779030077,0.9839078481100668,plate,2,e1e__seed3407
WAY_CP19,35,0.977595709898516,0.9768142152496418,0.5566933160769416,0.4007935589692881,0.952655333259616,plate,2,e1e__seed3407
WAY_CP42,63,0.9857660336378268,0.9890235595166446,0.4530264649136544,0.3154874176725419,0.9687476413728944,plate,2,e1e__seed3407
WAY_CP47,71,0.9932446023668418,0.9956968252053532,0.3005380743252779,0.1980316112417014,0.9852709874672606,plate,2,e1e__seed3407
WAY_CP53,34,0.9927771397563122,0.9934267342698986,0.3336268999613239,0.2390200467328661,0.9845864962123212,plate,2,e1e__seed3407
WAY_CP59,33,0.9909455255142448,0.9923610743086646,0.367105786290755,0.2434212943090887,0.98084630010878,plate,2,e1e__seed3407
WAY_CP63,31,0.99416852636518,0.9946131128222736,0.2962333026038321,0.1998164046426533,0.9880412641483676,plate,2,e1e__seed3407
WAY_B-2_P20,38,0.9958631656230098,0.9959016882749966,0.2630034836821885,0.1838939740930281,0.9910110890752384,plate,3,e1e__seed3407
WAY_B-2_P4,40,0.9929884471423644,0.9932647863037894,0.3422885987540831,0.2350602697592019,0.985200473677414,plate,3,e1e__seed3407
WAY_BP14,39,0.9921616576066608,0.9924537415824504,0.3397410713692851,0.2381828813936747,0.9835032459734694,plate,3,e1e__seed3407
WAY_BP2,36,0.9942548272453648,0.9942514438202829,0.2929462113243927,0.2001742415895902,0.9878236790064994,plate,3,e1e__seed3407
WAY_BP7,38,0.9944395476234896,0.9946074160379968,0.2902620122615949,0.2026845325411471,0.9881798375034518,plate,3,e1e__seed3407
WAY_CP15,34,0.965451959147313,0.968086092678293,0.834850196173021,0.6397782664321552,0.9117722514150702,plate,3,e1e__seed3407
WAY_CP16,35,0.9706254664519892,0.974483687236386,0.7543530106195165,0.5607970350375091,0.9297518288271998,plate,3,e1e__seed3407
WAY_CP28,70,0.9908454391047892,0.9924515402589192,0.3722461749826952,0.2621700957520075,0.98002523536589,plate,3,e1e__seed3407
WAY_CP29,67,0.9842937457825596,0.9872495264380928,0.4723548794376968,0.3395227393212881,0.9666101079983384,plate,3,e1e__seed3407
WAY_CP56,34,0.9909304470787346,0.9911004090256212,0.3684199511177726,0.2581666779507212,0.981006187706026,plate,3,e1e__seed3407
WAY_CP65,33,0.992842277517233,0.9936035882399517,0.3342283203086262,0.2396304458342297,0.984598344731695,plate,3,e1e__seed3407
WAY_CP68,31,0.9912142594945892,0.9915961936368562,0.3604164066179409,0.2484640939257827,0.9818636742622692,plate,3,e1e__seed3407
WAY_B-2_P24,38,0.991985322778307,0.9922064724549792,0.3637294957937887,0.2526615159700405,0.983257710179948,plate,4,e1e__seed3407
WAY_B-2_P3,29,0.9940195880716316,0.994734616999848,0.3132427438033761,0.2130078312751169,0.9875010182607528,plate,4,e1e__seed3407
WAY_BP11,40,0.9943859945071114,0.994509860104582,0.3048083701815883,0.2174390933577028,0.9869615948058392,plate,4,e1e__seed3407
WAY_BP19,39,0.9923500130876882,0.9926466091445676,0.3400228347772704,0.2373806032009865,0.9837241056550116,plate,4,e1e__seed3407
WAY_BP4,36,0.9727602457800756,0.9717754279773104,0.5951795939430853,0.4261620387217313,0.9444459498939708,plate,4,e1e__seed3407
WAY_BP9,38,0.994472288566568,0.9946511038103616,0.2989345610735396,0.2124641783670166,0.9875505649345608,plate,4,e1e__seed3407
WAY_CP17,35,0.9896092193685906,0.9916313673560336,0.3910371809397536,0.2789453860266521,0.9771770490514696,plate,4,e1e__seed3407
WAY_CP20,34,0.988173804339742,0.9926735291807464,0.3948069765505989,0.272009465237959,0.974813198851321,plate,4,e1e__seed3407
WAY_CP30,70,0.987465112008085,0.9905727195516656,0.4286705625924312,0.2994484938639424,0.9717381712596443,plate,4,e1e__seed3407
WAY_CP33,67,0.9907006763259816,0.9927927318070422,0.3670715311648602,0.2517041416742628,0.9804675112071152,plate,4,e1e__seed3407
WAY_CP57,34,0.992433914699764,0.9929294542697524,0.3347932093786864,0.2342452701060219,0.9841038477335694,plate,4,e1e__seed3407
WAY_CP67,33,0.991114019169167,0.9910548082312158,0.3717748031518561,0.2647931896255845,0.9812213209174748,plate,4,e1e__seed3407
WAY_B-2_P16,37,0.9935718429063074,0.9936246089754556,0.3282708958002597,0.2258188251761623,0.986525967829753,plate,5,e1e__seed3407
WAY_B-2_P7,38,0.9946427346639152,0.9948712050762444,0.3020095068318179,0.2034289315864393,0.9882877081166463,plate,5,e1e__seed3407
WAY_BP20,40,0.9901551145607306,0.990438015897112,0.3832782979392215,0.2829844676534725,0.9785189702091652,plate,5,e1e__seed3407
WAY_BP23,39,0.9929145562992968,0.9930263573877988,0.325218741522566,0.2268656574421379,0.9849775857594428,plate,5,e1e__seed3407
WAY_BP3,37,0.9940220880670046,0.9942191531347866,0.3075335372999228,0.2130426674832825,0.9868457074252668,plate,5,e1e__seed3407
WAY_CP18,35,0.9842005647502085,0.9883683591173966,0.4864355422585839,0.3400032264419084,0.96530435132209,plate,5,e1e__seed3407
WAY_CP21,34,0.9854218501094174,0.992383091953936,0.4035693302169416,0.2720721006033742,0.9649778156921897,plate,5,e1e__seed3407
WAY_CP24,29,0.984571055922532,0.987159221354206,0.4666193094514662,0.3299217981366684,0.9673621072273656,plate,5,e1e__seed3407
WAY_CP38,70,0.9922028708757408,0.9937582656271502,0.3351192232218271,0.2305643781850296,0.9825461772623764,plate,5,e1e__seed3407
WAY_CP44,67,0.9909431750889826,0.9931544815851177,0.3578601778187986,0.2374426794801123,0.979510442539202,plate,5,e1e__seed3407
WAY_CP61,34,0.991879780096972,0.9949670827665332,0.3336327231978838,0.20683049559774,0.9810179382221064,plate,5,e1e__seed3407
WAY_CP7,33,0.9889058684338302,0.9921188014171376,0.4146158134398938,0.2799221474034875,0.9757714545392258,plate,5,e1e__seed3407
WAY_B-1_P12,36,0.9904141170702444,0.9919799091590952,0.4025268656159529,0.277122678751964,0.9799625473569288,plate,6,e1e__seed3407
WAY_B-1_P14,35,0.9927493986452676,0.9928894007221007,0.3522391180242255,0.2341585541792271,0.9849280557728084,plate,6,e1e__seed3407
WAY_B-1_P21,28,0.9664295280920756,0.9690302617802818,0.7571384781958618,0.5119536499597471,0.9299233147168288,plate,6,e1e__seed3407
WAY_B-1_P24,40,0.9900061609647466,0.990203929283745,0.4134432255217263,0.2911803651732406,0.9788573456619156,plate,6,e1e__seed3407
WAY_B-1_P6,38,0.9914751966721624,0.991724220969196,0.3814786793237436,0.2685434111595914,0.9823208182918444,plate,6,e1e__seed3407
WAY_B-2_P2,39,0.9939106597144656,0.9940413312045762,0.3130400072626269,0.2114670592368004,0.9873571407314804,plate,6,e1e__seed3407
WAY_BP16,38,0.9932747018165742,0.9933836612977234,0.3243329122371319,0.2246772836017968,0.984778797920382,plate,6,e1e__seed3407
WAY_CP2,35,0.9897489972739544,0.992375829145678,0.3755437891201718,0.2602305282016902,0.9780853315959188,plate,6,e1e__seed3407
WAY_CP27,66,0.9896199206309848,0.9915629107907964,0.3887529231461351,0.2665033745061128,0.9772744163575368,plate,6,e1e__seed3407
WAY_CP39,70,0.9912665453535984,0.9930737891220774,0.3617492423994221,0.2554925851689663,0.980365733812548,plate,6,e1e__seed3407
WAY_CP64,34,0.994554069862871,0.9948502341186964,0.2928809133513403,0.2104280050339641,0.988294777487338,plate,6,e1e__seed3407
WAY_CP70,33,0.9918450724095972,0.992799125903592,0.3473451130192881,0.2296939769979397,0.9831870275643652,plate,6,e1e__seed3407
WAY_B-1_P19,35,0.9938099431810408,0.9942170548198548,0.3207728266282141,0.2238116770641003,0.987057730382406,plate,7,e1e__seed3407
WAY_B-1_P22,36,0.9913789128042974,0.993612761544872,0.3609375267515273,0.2491704951984728,0.9820196192201236,plate,7,e1e__seed3407
WAY_B-1_P5,28,0.9927610432065892,0.9933350516866636,0.3577891170904433,0.2471675441987986,0.9845605993843608,plate,7,e1e__seed3407
WAY_B-1_P8,38,0.9933044025710408,0.9940673335333938,0.3425835538039027,0.2369758280041039,0.9856421870092082,plate,7,e1e__seed3407
WAY_B-2_P21,39,0.993978926447314,0.993980695506706,0.311497942587925,0.2160399425372486,0.9874248403017524,plate,7,e1e__seed3407
WAY_B-2_P23,40,0.9950270386476548,0.9950822410268204,0.2858200497073805,0.1977836499893888,0.9895469458379822,plate,7,e1e__seed3407
WAY_BP17,38,0.9925531928833348,0.992973695353103,0.3362513928864131,0.2355589092304508,0.983646367061306,plate,7,e1e__seed3407
WAY_CP23,35,0.984415699585016,0.9878676894945404,0.4656962020146846,0.3350355539001321,0.9645854896883864,plate,7,e1e__seed3407
WAY_CP32,66,0.9904194389603024,0.9923086484341758,0.3788836670068323,0.2657285421914313,0.9795777838465546,plate,7,e1e__seed3407
WAY_CP41,70,0.9898784146010444,0.9923667639119116,0.3833147304348606,0.2637706942596294,0.9778563101047596,plate,7,e1e__seed3407
WAY_CP66,34,0.984062991787297,0.985045114247697,0.4957869783657269,0.3502519543215998,0.9667327672725452,plate,7,e1e__seed3407
WAY_CP72,33,0.986772498308906,0.9878794317580928,0.4564413352154964,0.3165453578021964,0.9720829784374428,plate,7,e1e__seed3407
WAY_B-1_P1,38,0.9918881916538724,0.9938468710663756,0.372366278869828,0.2331698400625653,0.9829919590474724,plate,8,e1e__seed3407
WAY_B-1_P10,22,0.9932167736721268,0.994212438313268,0.3377553737046238,0.2274796777806705,0.985951209006154,plate,8,e1e__seed3407
WAY_B-1_P2,35,0.9942977462325034,0.9945727553862818,0.3150174843309059,0.2117287094354304,0.9879121909130936,plate,8,e1e__seed3407
WAY_B-1_P23,36,0.9935410815467248,0.9936045683596184,0.3300847962756824,0.2229464213119596,0.986713691009758,plate,8,e1e__seed3407
WAY_B-1_P7,39,0.992841112151178,0.9935398701209024,0.3504516775590288,0.2423169964906537,0.9849500813312452,plate,8,e1e__seed3407
WAY_B-2_P11,38,0.9928472220310564,0.992816313716101,0.3451253982450147,0.2293336853437568,0.9849347521881456,plate,8,e1e__seed3407
WAY_BP21,38,0.9901869285682082,0.9906159139915628,0.3791538666687793,0.2727998067349562,0.978917020238454,plate,8,e1e__seed3407
WAY_CP25,69,0.9872854999638978,0.9908498277350544,0.4349927029746748,0.2961344157378781,0.9721820643639516,plate,8,e1e__seed3407
WAY_CP37,69,0.9917892862957516,0.9935758047750112,0.3385205923451709,0.2336828578908686,0.9828218449102336,plate,8,e1e__seed3407
WAY_CP4,35,0.988704250315126,0.9936563234277848,0.369217143495787,0.2499756289674341,0.9760661596148876,plate,8,e1e__seed3407
WAY_CP69,34,0.9904432566724716,0.9912425861449066,0.3832229673714654,0.2641672788642515,0.9800882269425883,plate,8,e1e__seed3407
WAY_CP9,33,0.9743147535962716,0.9777824826523642,0.6080781321885911,0.4211573883559305,0.946654936211088,plate,8,e1e__seed3407
WAY_B-1_P11,38,0.9905677031573712,0.9909769884775688,0.3952073250263553,0.2817760637827508,0.980093553301728,plate,9,e1e__seed3407
WAY_B-1_P9,35,0.9920631466294068,0.9936205603313676,0.361990455664419,0.2558064143088796,0.983095706132517,plate,9,e1e__seed3407
WAY_B-2_P1,39,0.9935998350726823,0.9944671707495364,0.315614007998631,0.2178804486863326,0.9865460374003824,plate,9,e1e__seed3407
WAY_B-2_P10,36,0.993493399306694,0.9941424028183268,0.3259215612836077,0.2254403276585821,0.9863620065998382,plate,9,e1e__seed3407
WAY_B-2_P14,38,0.9951598563367244,0.9952011146329942,0.2813162212380575,0.195932231179516,0.9897491971711608,plate,9,e1e__seed3407
WAY_BP22,38,0.9930486593999412,0.9931646016204324,0.3177180801094478,0.2227803894897753,0.9853157040865432,plate,9,e1e__seed3407
WAY_CP13,32,0.9864493501449472,0.989644948494378,0.4437403547192587,0.3075082683031249,0.9690882328551736,plate,9,e1e__seed3407
WAY_CP14,32,0.9793929771579086,0.979240674023045,0.6153025063502904,0.4549027368679939,0.9538099741059456,plate,9,e1e__seed3407
WAY_CP26,69,0.989269038775565,0.9911658253511308,0.3995854761448921,0.2800939954731928,0.9770099633204988,plate,9,e1e__seed3407
WAY_CP48,69,0.9903021370818408,0.9943908315157968,0.3377096810932748,0.2257355291965753,0.978463699662867,plate,9,e1e__seed3407
WAY_CP51,35,0.9940170294992994,0.9947590011192048,0.3031731927531615,0.2078779928194296,0.9874138319205256,plate,9,e1e__seed3407
WAY_CP8,34,0.9860346224935824,0.9909324511241576,0.4283075296376342,0.2985364777191786,0.9699710565063856,plate,9,e1e__seed3407
WAY_B-1_P3,39,0.9931547733417796,0.993170957481848,0.346814126998385,0.2310884465877652,0.985502252402701,plate,10,e1e__seed3407
WAY_B-2_P13,35,0.9950762064795629,0.9951823091799196,0.2835737418645326,0.1972619265731892,0.9896454197494658,plate,10,e1e__seed3407
WAY_B-2_P15,38,0.9946649414270212,0.9947732459456516,0.3009434907341032,0.2077755765519579,0.98833700939651,plate,10,e1e__seed3407
WAY_B-2_P6,39,0.9920892232962464,0.992356426064636,0.3711784898558866,0.2552811124373482,0.982491866257836,plate,10,e1e__seed3407
WAY_B-2_P8,36,0.9944687849522404,0.9949985436615784,0.300325603171213,0.1990249505828253,0.9883298617765884,plate,10,e1e__seed3407
WAY_BP24,38,0.9897420418119192,0.9902995768529717,0.3953417890334816,0.282409439424806,0.9780144735216124,plate,10,e1e__seed3407
WAY_CP11,33,0.988257766548136,0.9926013760792732,0.4122407763257083,0.2793733329257938,0.9734927626367624,plate,10,e1e__seed3407
WAY_CP31,69,0.9895250218159825,0.9917273447978804,0.3872192573662126,0.2705230705577401,0.9778163736102932,plate,10,e1e__seed3407
WAY_CP34,68,0.9882359012316444,0.9913517162542842,0.4233802609770298,0.2856795600922036,0.9728234517176714,plate,10,e1e__seed3407
WAY_CP50,33,0.9945483148184238,0.9951539462212504,0.2866265581780892,0.1958649872714776,0.988691144857909,plate,10,e1e__seed3407
WAY_CP58,35,0.9931904238705156,0.9938904717632774,0.3172108722544018,0.2179187553943207,0.9858553251818304,plate,10,e1e__seed3407
WAY_CP60,32,0.9907905408699476,0.9915834986514732,0.3732964654847052,0.2621569301465918,0.9810328546504872,plate,10,e1e__seed3407
WAY_B-1_P4,39,0.991853768774055,0.9931421752913274,0.3758033590202785,0.2485514140757834,0.9829429835912372,plate,11,e1e__seed3407
WAY_B-2_P17,38,0.9938739723708592,0.9941648648181028,0.3206829501723673,0.2270526019958377,0.9869188376572708,plate,11,e1e__seed3407
WAY_B-2_P22,35,0.995178912256063,0.9957631453010584,0.2831672281172848,0.1847153819231448,0.989798876241434,plate,11,e1e__seed3407
WAY_BP13,39,0.9876101641090086,0.9880614738046176,0.4330684768497521,0.3171947006815901,0.9729761642989908,plate,11,e1e__seed3407
WAY_BP15,36,0.9935916457843104,0.9937559193510376,0.3202195612267703,0.2278299051048585,0.9857098531942464,plate,11,e1e__seed3407
WAY_BP6,38,0.9889546916978976,0.9894110813581928,0.4208698242419551,0.3021955847616083,0.9750659089825868,plate,11,e1e__seed3407
WAY_CP35,69,0.9918315644818808,0.993073898872108,0.3519708076004429,0.2378607155502596,0.9824996015883674,plate,11,e1e__seed3407
WAY_CP40,68,0.9864698366136752,0.9888482361021832,0.4346625696378737,0.3117522547917838,0.9705258000913916,plate,11,e1e__seed3407
WAY_CP49,33,0.9926189446959808,0.9934984317074216,0.3327489647328624,0.2248876433537522,0.98473872852208,plate,11,e1e__seed3407
WAY_CP5,31,0.9891960596238728,0.9910825065162135,0.4014906078630158,0.2890308344397558,0.9761973734234016,plate,11,e1e__seed3407
WAY_CP52,33,0.992880161389725,0.9939769391365336,0.3304558105639355,0.2238808633493887,0.985077293808394,plate,11,e1e__seed3407
WAY_CP71,35,0.9935741744864444,0.9938262921306588,0.3139983549698042,0.2165406705100311,0.9865758388619834,plate,11,e1e__seed3407
WAY_B-1_P17,40,0.9937189710559357,0.9938897823691868,0.3383187634498691,0.2354149722476997,0.986128677414517,plate,0,e1e__seed42
WAY_B-1_P20,38,0.9951104538475762,0.9952448857672288,0.2896305613099335,0.2026831735101378,0.9896657512607556,plate,0,e1e__seed42
WAY_B-2_P19,39,0.9942247526226052,0.9945143156003629,0.316259198810368,0.2109221039931691,0.9873043689251124,plate,0,e1e__seed42
WAY_BP12,38,0.99216901993908,0.992155603958122,0.3478859792489794,0.2515036985700358,0.9831958515377804,plate,0,e1e__seed42
WAY_BP18,37,0.9878045078579344,0.9877757414092508,0.4437442798173172,0.3307466217977263,0.972349346901723,plate,0,e1e__seed42
WAY_CP1,34,0.98939250929342,0.990936838855828,0.4100417714124355,0.2890042243391441,0.9768832537853744,plate,0,e1e__seed42
WAY_CP10,35,0.9901774066756616,0.9928735288786306,0.3606220530516092,0.2477923303818829,0.9788656729102984,plate,0,e1e__seed42
WAY_CP22,34,0.985869766817592,0.9891362591351052,0.4359624652293664,0.3000865545461604,0.9692694390436836,plate,0,e1e__seed42
WAY_CP36,71,0.9802281138182304,0.9816833076171716,0.5580839050854031,0.4055808004610525,0.9558894625067268,plate,0,e1e__seed42
WAY_CP43,65,0.9907284046105193,0.9934325730802244,0.3616977309334816,0.2433942590214341,0.9799916173226604,plate,0,e1e__seed42
WAY_CP54,33,0.988864429071215,0.9892070718955766,0.4087397398460407,0.2959046884684145,0.9768318326310602,plate,0,e1e__seed42
WAY_CP6,31,0.9865060209272584,0.9898142536409148,0.4401170125875974,0.312927229755729,0.9692547059240484,plate,0,e1e__seed42
WAY_B-1_P15,40,0.9944204095689936,0.9944998716908892,0.310721133620406,0.205858186269684,0.9882319438580088,plate,1,e1e__seed42
WAY_B-1_P18,38,0.9861040465128516,0.9865193612947116,0.4802561596938908,0.350824869184502,0.971654484523348,plate,1,e1e__seed42
WAY_B-2_P18,39,0.988355370823334,0.9890763042485514,0.4371730870182128,0.3163477762765814,0.975665833071532,plate,1,e1e__seed42
WAY_BP1,37,0.9943245913559804,0.9945413480292682,0.2988451215171476,0.212645526593016,0.9873695597098394,plate,1,e1e__seed42
WAY_BP10,38,0.9937024831848944,0.9934880501051184,0.31043024928202,0.2204562248739689,0.9861711517783032,plate,1,e1e__seed42
WAY_BP8,36,0.992224351891095,0.9923189628372292,0.3471565392694244,0.2483932076235176,0.9826301673041696,plate,1,e1e__seed42
WAY_CP12,34,0.986040938039624,0.9908547010347928,0.4341186427793218,0.2989874317145816,0.9681024492409064,plate,1,e1e__seed42
WAY_CP3,34,0.9886691437519584,0.9919686467671484,0.3792018836523934,0.2610999246422577,0.9755183163128706,plate,1,e1e__seed42
WAY_CP45,64,0.9899059007040324,0.993795402817898,0.3711573398029982,0.2509653015611233,0.9775757071610212,plate,1,e1e__seed42
WAY_CP46,71,0.9926306871779568,0.9944674797966656,0.3197827706202348,0.2167735379046105,0.9831982682062028,plate,1,e1e__seed42
WAY_CP55,33,0.9774705912712632,0.9777518117241992,0.5756315851554038,0.3995888883845883,0.9532776901365372,plate,1,e1e__seed42
WAY_CP62,31,0.9939451681100032,0.9948357620588572,0.3132278520043213,0.2146249513802874,0.9864685819623528,plate,1,e1e__seed42
WAY_B-1_P13,40,0.991904131608024,0.9923024880167202,0.370912219676011,0.2409392527035058,0.9832007517144228,plate,2,e1e__seed42
WAY_B-1_P16,38,0.9939805446602512,0.9944015477288308,0.3211737838752338,0.2213641421757989,0.987505273412146,plate,2,e1e__seed42
WAY_B-2_P12,39,0.9904262626388824,0.9906221929214556,0.3940875898667547,0.2742130392907292,0.9801088871559364,plate,2,e1e__seed42
WAY_B-2_P5,37,0.994378540779156,0.994622689289631,0.3058748138200762,0.2104829702741833,0.9883163868548688,plate,2,e1e__seed42
WAY_B-2_P9,38,0.9918547902931644,0.992398289872514,0.3615400852823306,0.2497265383802901,0.9828085629684032,plate,2,e1e__seed42
WAY_BP5,36,0.9931802680788194,0.9933191456336662,0.3262528814278762,0.2298389707383419,0.9851333696116382,plate,2,e1e__seed42
WAY_CP19,35,0.9777007731008946,0.9759928968964048,0.5561357058936736,0.4025898785816095,0.952787068828856,plate,2,e1e__seed42
WAY_CP42,63,0.985400402809555,0.9890248006354436,0.4648035400680773,0.3177482290807472,0.9667398119197812,plate,2,e1e__seed42
WAY_CP47,71,0.9930378484869544,0.9954821842468032,0.3080854429434553,0.2034721455078031,0.9843486165662222,plate,2,e1e__seed42
WAY_CP53,34,0.9925374963742738,0.9929926472192232,0.339313800669227,0.2425481264490983,0.98407216910149,plate,2,e1e__seed42
WAY_CP59,33,0.9904668818305582,0.9920077831731348,0.3755898224847632,0.2484283966717899,0.9799448019450206,plate,2,e1e__seed42
WAY_CP63,31,0.9941705791086244,0.994760232635134,0.2962007745439833,0.1991177517732523,0.9880369633356512,plate,2,e1e__seed42
WAY_B-2_P20,38,0.9956965371764986,0.9957494371593972,0.2660157245879566,0.1854915695513403,0.990797833356122,plate,3,e1e__seed42
WAY_B-2_P4,40,0.99283346642129,0.9930740863198162,0.3448094398484075,0.237224593842757,0.984984789893074,plate,3,e1e__seed42
WAY_BP14,39,0.9914101076051656,0.9918760457197676,0.3540782250891963,0.2493166071007417,0.9821055785049532,plate,3,e1e__seed42
WAY_BP2,36,0.9941644018733752,0.9942111539389732,0.2920041286514001,0.1992017219463217,0.987906918735468,plate,3,e1e__seed42
WAY_BP7,38,0.994709300480752,0.9947895623051132,0.2904334946216514,0.2067579310336365,0.9881742176850614,plate,3,e1e__seed42
WAY_CP15,34,0.96620731184079,0.9685672166909276,0.8466727468803181,0.6580076513661702,0.909404912480048,plate,3,e1e__seed42
WAY_CP16,35,0.9685474580166864,0.9724424111171835,0.8090544124611909,0.6223753624946521,0.9195276547959298,plate,3,e1e__seed42
WAY_CP28,70,0.991415096992846,0.9928868062247695,0.3586787684720147,0.2506201278458753,0.9813450580677628,plate,3,e1e__seed42
WAY_CP29,67,0.9824655946620782,0.985477006843192,0.4979067755753729,0.3599403040011398,0.9629472921145472,plate,3,e1e__seed42
WAY_CP56,34,0.99180262682561,0.99189994495083,0.3515010507048481,0.2434529394885036,0.982707478142558,plate,3,e1e__seed42
WAY_CP65,33,0.9929661939543588,0.99389092473826,0.3316731340157897,0.237965192486207,0.98483275424346,plate,3,e1e__seed42
WAY_CP68,31,0.9906532681093162,0.9914499263281435,0.3709822492080573,0.2546123248977531,0.98079349686503,plate,3,e1e__seed42
WAY_B-2_P24,38,0.992014011181032,0.9920451672985569,0.3642555589655684,0.2564423919730244,0.9832192256926084,plate,4,e1e__seed42
WAY_B-2_P3,29,0.993703797730194,0.994435178861448,0.3219911570974648,0.2214590405429833,0.98679582999403,plate,4,e1e__seed42
WAY_BP11,40,0.994730826920822,0.9948161861002448,0.2911250786445461,0.2060522251441346,0.9881060834999708,plate,4,e1e__seed42
WAY_BP19,39,0.9922263661488,0.992456272723278,0.3462153125010802,0.2402408743650087,0.983126482567099,plate,4,e1e__seed42
WAY_BP4,36,0.972587504040788,0.9710257602190624,0.5970177508559875,0.4301775425027504,0.9440800548715456,plate,4,e1e__seed42
WAY_BP9,38,0.994548757551318,0.9946681801221176,0.2940780716691825,0.2073352162739494,0.9879531628068428,plate,4,e1e__seed42
WAY_CP17,35,0.9897853153697336,0.9916096835245698,0.3888199576216998,0.276143769633824,0.9778463075363604,plate,4,e1e__seed42
WAY_CP20,34,0.9881063685719438,0.9933308193653698,0.3986917759243261,0.2704665613894497,0.974322937598772,plate,4,e1e__seed42
WAY_CP30,70,0.9869734978494494,0.9902653898482754,0.43458049276217,0.3047070059734179,0.9706630024212743,plate,4,e1e__seed42
WAY_CP33,67,0.9905451487203814,0.9928850152629998,0.373333522618524,0.2547429909429143,0.9797811272100247,plate,4,e1e__seed42
WAY_CP57,34,0.9924299969785536,0.992933985564156,0.3342043795417455,0.2325550065036773,0.9841640014865964,plate,4,e1e__seed42
WAY_CP67,33,0.9893780638862608,0.989284138152632,0.4055579594861196,0.2898464945805861,0.9776637139044148,plate,4,e1e__seed42
WAY_B-2_P16,37,0.9932981481508936,0.993392362629828,0.3357499052913159,0.232955929887539,0.9859032159566918,plate,5,e1e__seed42
WAY_B-2_P7,38,0.9950935825014018,0.9954385266842232,0.2850634730691814,0.1915105497172251,0.9895621906155134,plate,5,e1e__seed42
WAY_BP20,40,0.9906819352540828,0.9910018162982424,0.3702067789948882,0.2714323664168694,0.979950593027764,plate,5,e1e__seed42
WAY_BP23,39,0.9928848358107616,0.9930064306184444,0.3267563128366516,0.2291285561704904,0.984839799081908,plate,5,e1e__seed42
WAY_BP3,37,0.9939340177761476,0.9941170801883732,0.3044737884218104,0.2087683155664506,0.9871085467808008,plate,5,e1e__seed42
WAY_CP18,35,0.9836495371353706,0.9887049709033734,0.4891710980051953,0.3397081305143238,0.9636611603660352,plate,5,e1e__seed42
WAY_CP21,34,0.9859556894613588,0.9918044958576868,0.3915312398014123,0.2673806737855363,0.968425028747954,plate,5,e1e__seed42
WAY_CP24,29,0.9845953076141882,0.986892371041415,0.4711650791638034,0.3311220282087692,0.9668627651189384,plate,5,e1e__seed42
WAY_CP38,70,0.9923551398256208,0.9939520089513504,0.3328523303827264,0.2306116136007896,0.9827539786773246,plate,5,e1e__seed42
WAY_CP44,67,0.9911696505024876,0.9929312059551768,0.356327133779491,0.2389387757941559,0.979931184524554,plate,5,e1e__seed42
WAY_CP61,34,0.9917753940973584,0.9949720186460532,0.3371910083795381,0.2093878041288414,0.9805787236834052,plate,5,e1e__seed42
WAY_CP7,33,0.9903013699152696,0.9921280700182318,0.3831524735829082,0.2686418564931256,0.9793329287603746,plate,5,e1e__seed42
WAY_B-1_P12,36,0.9904357368171391,0.9921424546253996,0.4094964716547365,0.2874300721232987,0.97927531725581,plate,6,e1e__seed42
WAY_B-1_P14,35,0.99271876604154,0.9930271648438806,0.3517951390344996,0.2301074493996908,0.9849744442677992,plate,6,e1e__seed42
WAY_B-1_P21,28,0.9676966307853404,0.9695760983101576,0.7455285647297474,0.5042134166921765,0.9321008687701852,plate,6,e1e__seed42
WAY_B-1_P24,40,0.9896023890064076,0.9903217262789286,0.4217063359842355,0.2966147451740617,0.9780753357809492,plate,6,e1e__seed42
WAY_B-1_P6,38,0.9917254642951574,0.9917209458831552,0.3796784214309795,0.2697364255604282,0.9824852351608804,plate,6,e1e__seed42
WAY_B-2_P2,39,0.9936135913156212,0.9939330360415496,0.3204350344835682,0.216199511432951,0.9867518088744618,plate,6,e1e__seed42
WAY_BP16,38,0.9936858965145788,0.9939773909806592,0.3126955906921895,0.2188100100691502,0.9858544995195418,plate,6,e1e__seed42
WAY_CP2,35,0.9905041950498248,0.9921472450942408,0.3618388915153153,0.2531914137282763,0.9795472135223786,plate,6,e1e__seed42
WAY_CP27,66,0.9900518253401964,0.991930036165106,0.3816459619394741,0.2620511051083527,0.978448061954406,plate,6,e1e__seed42
WAY_CP39,70,0.9911548865395264,0.9927852202575758,0.3626514821681286,0.2558694696630811,0.9805428336877708,plate,6,e1e__seed42
WAY_CP64,34,0.994587404469064,0.9948481952649152,0.2917870073235611,0.2082951009748892,0.9883789318182448,plate,6,e1e__seed42
WAY_CP70,33,0.9918982710890656,0.9924754187681464,0.3488523088690994,0.2299423323807455,0.983047583881794,plate,6,e1e__seed42
WAY_B-1_P19,35,0.9935931722028136,0.993873615903208,0.3259395307025783,0.2262194237366667,0.9866540597727704,plate,7,e1e__seed42
WAY_B-1_P22,36,0.991217821424528,0.993324548617832,0.363842811510954,0.2498810040597165,0.9818679778359508,plate,7,e1e__seed42
WAY_B-1_P5,28,0.9927830219903384,0.9933138473584328,0.3550636494532698,0.2462427135705164,0.98479740114254,plate,7,e1e__seed42
WAY_B-1_P8,38,0.992052414776106,0.9927169837621742,0.3686208870300432,0.2572304868694265,0.9833697819769852,plate,7,e1e__seed42
WAY_B-2_P21,39,0.9940000165245276,0.99412041024237,0.3120506386583462,0.2155632356119536,0.9873777113135104,plate,7,e1e__seed42
WAY_B-2_P23,40,0.994759240774437,0.994933926016166,0.2938085436985117,0.2033313741950227,0.9889518791689872,plate,7,e1e__seed42
WAY_BP17,38,0.9922973035913508,0.9928679996920928,0.3367966160704785,0.2296859813868831,0.9835880519757618,plate,7,e1e__seed42
WAY_CP23,35,0.9837923427912189,0.9871682716238,0.4832012827305889,0.3501000929941817,0.9621922673516108,plate,7,e1e__seed42
WAY_CP32,66,0.9907371013260012,0.9924120384056992,0.3748705380505653,0.263137196831997,0.9801109330432108,plate,7,e1e__seed42
WAY_CP41,70,0.9900980008403016,0.9921683762523562,0.3824024770016614,0.2640723939891349,0.9779106075140428,plate,7,e1e__seed42
WAY_CP66,34,0.9824274313033228,0.9832483067472229,0.523640444340425,0.3701293259480908,0.9628627911141264,plate,7,e1e__seed42
WAY_CP72,33,0.9851890224346096,0.9858470644729588,0.4842840803602388,0.340807054531803,0.968581911114355,plate,7,e1e__seed42
WAY_B-1_P1,38,0.99205394161007,0.9941590354117092,0.3694251612210217,0.2327003820937361,0.983256096000972,plate,8,e1e__seed42
WAY_B-1_P10,22,0.993125658667922,0.9941556112336436,0.3411703986668728,0.2286122043029289,0.9856460011318172,plate,8,e1e__seed42
WAY_B-1_P2,35,0.9942372691689668,0.9947066254168664,0.3155829512108836,0.2120022213714917,0.9878577556426452,plate,8,e1e__seed42
WAY_B-1_P23,36,0.9934514435822231,0.9935344963299793,0.3334235347563735,0.2258600799766783,0.9864292130468912,plate,8,e1e__seed42
WAY_B-1_P7,39,0.993103407381018,0.9937617006570224,0.3442014539357131,0.2376874702269814,0.9854762187031848,plate,8,e1e__seed42
WAY_B-2_P11,38,0.9930751360911207,0.9932337037191712,0.3391727723696708,0.2239338802915782,0.985457635871419,plate,8,e1e__seed42
WAY_BP21,38,0.990609546189841,0.9910228791866657,0.3697771745842621,0.2635532843327599,0.9799638411756731,plate,8,e1e__seed42
WAY_CP25,69,0.9871550740988588,0.9907174950132636,0.4350728884124931,0.295773007073806,0.9721868078563424,plate,8,e1e__seed42
WAY_CP37,69,0.992089481065137,0.9938485852161733,0.3355557793429038,0.2327589573343773,0.9833009870761718,plate,8,e1e__seed42
WAY_CP4,35,0.989358115515067,0.9934196974254076,0.3651349736833346,0.2511809005393904,0.977608547571134,plate,8,e1e__seed42
WAY_CP69,34,0.9900292597235008,0.9910219836708032,0.390094848447316,0.2702724169801551,0.9793792413083928,plate,8,e1e__seed42
WAY_CP9,33,0.974298529994717,0.9777755969420164,0.6078757414486731,0.4215092647568614,0.9468079686584064,plate,8,e1e__seed42
WAY_B-1_P11,38,0.9903787695392194,0.9907749501527978,0.398616496569858,0.283291495322654,0.9798044904294426,plate,9,e1e__seed42
WAY_B-1_P9,35,0.9922353176581814,0.9937568384143216,0.358928153425251,0.2520627790223094,0.9833787253236608,plate,9,e1e__seed42
WAY_B-2_P1,39,0.9939130486097943,0.994655505338612,0.3080633286505629,0.2116674044109157,0.9871325069837856,plate,9,e1e__seed42
WAY_B-2_P10,36,0.9936093073686584,0.9943327378108102,0.3221676158827041,0.2201797566667535,0.986678262608008,plate,9,e1e__seed42
WAY_B-2_P14,38,0.9951270273923898,0.9951681539376532,0.2848830381347119,0.1979239022676373,0.9894694591486048,plate,9,e1e__seed42
WAY_BP22,38,0.9929788364145996,0.9931136125052696,0.3176526923807025,0.2214372471803788,0.9853236843597176,plate,9,e1e__seed42
WAY_CP13,32,0.9871084987991408,0.9902663033547844,0.4326324977288173,0.3020698312356675,0.9700853912219928,plate,9,e1e__seed42
WAY_CP14,32,0.9676939754225924,0.9670137519070092,0.8002030509640992,0.6149706347138865,0.9231634858566072,plate,9,e1e__seed42
WAY_CP26,69,0.9890909574966202,0.9912050546641752,0.4031145041283164,0.2839641480864375,0.9766708058973907,plate,9,e1e__seed42
WAY_CP48,69,0.990091504730719,0.9941625069356148,0.3447018190405675,0.2316426381764919,0.9779128459679888,plate,9,e1e__seed42
WAY_CP51,35,0.9941711694717168,0.994714287111388,0.2996564285835414,0.2078659070718609,0.9877003074499544,plate,9,e1e__seed42
WAY_CP8,34,0.987114064314908,0.9912453568244608,0.4143566637064637,0.2897216454457789,0.972067967176154,plate,9,e1e__seed42
WAY_B-1_P3,39,0.993330147302752,0.9934932194213822,0.3444612159470298,0.2344633498630953,0.9856990155850038,plate,10,e1e__seed42
WAY_B-2_P13,35,0.9953231814718954,0.995394279471811,0.2753911728729546,0.1922623050867431,0.990238671456923,plate,10,e1e__seed42
WAY_B-2_P15,38,0.9949285129474312,0.995035330193818,0.2917056050946803,0.2004432218206178,0.9890339545476848,plate,10,e1e__seed42
WAY_B-2_P6,39,0.9919556778838456,0.9920792048352068,0.3689439307742582,0.2497003032932841,0.982700357267629,plate,10,e1e__seed42
WAY_B-2_P8,36,0.9944879693003502,0.9950604234671842,0.2996566337465059,0.1978311347278346,0.9883839683038058,plate,10,e1e__seed42
WAY_BP24,38,0.9897322046669856,0.990365333827358,0.3918314047721872,0.2768046138142579,0.978404542623827,plate,10,e1e__seed42
WAY_CP11,33,0.9882710403722526,0.9931855736893436,0.4131344494157496,0.2788534422869431,0.9726455448443556,plate,10,e1e__seed42
WAY_CP31,69,0.9887624624177456,0.9906070723823236,0.4023970694998532,0.2815308226277738,0.97632127824445,plate,10,e1e__seed42
WAY_CP34,68,0.9874146747331778,0.9905206458932992,0.4371465094055597,0.2962909862882034,0.9715864399800198,plate,10,e1e__seed42
WAY_CP50,33,0.9948918241660292,0.9954206178404608,0.2783060572295251,0.1923173982045105,0.9893307695704406,plate,10,e1e__seed42
WAY_CP58,35,0.9934900130809456,0.9940789532304736,0.3104185260346073,0.2131342544335995,0.9864756715659024,plate,10,e1e__seed42
WAY_CP60,32,0.990952420683826,0.9915829182800764,0.3693498922947994,0.2558876590728463,0.9814464021005542,plate,10,e1e__seed42
WAY_B-1_P4,39,0.9916310417898754,0.9924685890402588,0.381338370415203,0.2563023061953081,0.9824456230687592,plate,11,e1e__seed42
WAY_B-2_P17,38,0.9935469528599346,0.99371154337005,0.3300539268563618,0.2336735393154393,0.9861528455545174,plate,11,e1e__seed42
WAY_B-2_P22,35,0.9950631561622384,0.9957215960710044,0.288115125805658,0.1876230379013373,0.9894331628904182,plate,11,e1e__seed42
WAY_BP13,39,0.9893004828182308,0.989554595777906,0.4130406309861428,0.3042904373412266,0.9754251912668952,plate,11,e1e__seed42
WAY_BP15,36,0.993467092035397,0.9937126978325328,0.3281032443074809,0.2354541718439048,0.9850018717950318,plate,11,e1e__seed42
WAY_BP6,38,0.9882170759506,0.9883609287364388,0.4270106556861883,0.3039264832826212,0.9743503503578242,plate,11,e1e__seed42
WAY_CP35,69,0.9918309840067866,0.9930397922346113,0.3561594261396739,0.2403326254200759,0.9817554980670544,plate,11,e1e__seed42
WAY_CP40,68,0.9866131900151616,0.9888390030206982,0.4306695655090341,0.3076625902569471,0.9709379581552332,plate,11,e1e__seed42
WAY_CP49,33,0.9928865989723512,0.9940217256115146,0.3275999509950016,0.2170412639349372,0.9852056701822424,plate,11,e1e__seed42
WAY_CP5,31,0.9898020203635892,0.9911425818080194,0.402953203891807,0.2929924653357818,0.9767971914729846,plate,11,e1e__seed42
WAY_CP52,33,0.9927294251395596,0.9937045738869316,0.3338881638328859,0.2251454102947873,0.9847694763362704,plate,11,e1e__seed42
WAY_CP71,35,0.993314004363246,0.9935372736148064,0.3186449629429695,0.2192867223270832,0.9861730052215184,plate,11,e1e__seed42
WAY_B-1_P17,40,0.9936383477859246,0.9938214836199656,0.3446841865154741,0.240630103083711,0.9856073631884972,plate,0,e1f__seed20260810
WAY_B-1_P20,38,0.9950200067631116,0.995178022266979,0.2936146218677339,0.205984493447145,0.9893890379191742,plate,0,e1f__seed20260810
WAY_B-2_P19,39,0.9937359896079584,0.9939164712422982,0.3231772848602207,0.2171624034180392,0.986754602466852,plate,0,e1f__seed20260810
WAY_BP12,38,0.9922888528037984,0.9921688739666114,0.3452495161750939,0.2510423699945118,0.9834540451729978,plate,0,e1f__seed20260810
WAY_BP18,37,0.987642812534102,0.9881041310043548,0.4421146082452926,0.3260435537058841,0.972550350097502,plate,0,e1f__seed20260810
WAY_CP1,34,0.9899464871740984,0.9910081548785896,0.3981736465562573,0.2809228650499591,0.9781734139183236,plate,0,e1f__seed20260810
WAY_CP10,35,0.9901825492371816,0.9931988117326056,0.3561519327792785,0.2434110814196875,0.9792704470129272,plate,0,e1f__seed20260810
WAY_CP22,34,0.9863456204687618,0.9875940067050656,0.4391610110510646,0.3037168220046173,0.9709896816122756,plate,0,e1f__seed20260810
WAY_CP36,71,0.9788188224369556,0.9809380937649372,0.573701809931161,0.4169603499885218,0.9531091657076516,plate,0,e1f__seed20260810
WAY_CP43,65,0.9914276301555528,0.9940292728287956,0.3471063069451409,0.232710351324175,0.9813653073342646,plate,0,e1f__seed20260810
WAY_CP54,33,0.9885278682776572,0.988811893622437,0.4146345112994783,0.3020002791611141,0.97614768743019,plate,0,e1f__seed20260810
WAY_CP6,31,0.9873509629633817,0.9897750443887752,0.4317442994889901,0.306158685831481,0.9713240939133572,plate,0,e1f__seed20260810
WAY_B-1_P15,40,0.9939780377172572,0.9940973381344388,0.3223747103721471,0.2116443892587008,0.9873359093753592,plate,1,e1f__seed20260810
WAY_B-1_P18,38,0.9862401097554072,0.9868159123536966,0.4782893089498654,0.3490648124580351,0.971902381975412,plate,1,e1f__seed20260810
WAY_B-2_P18,39,0.9883651019888898,0.9888385389293988,0.4389889664702774,0.319898293861363,0.9754670903341586,plate,1,e1f__seed20260810
WAY_BP1,37,0.9945657225792676,0.9949616766793684,0.2822320885412874,0.1944925638517807,0.9887284602286645,plate,1,e1f__seed20260810
WAY_BP10,38,0.9939298340310856,0.9939905009501826,0.2990884283081445,0.2082421237505651,0.9871662096800314,plate,1,e1f__seed20260810
WAY_BP8,36,0.992457619147847,0.9925642486294076,0.3300366807168219,0.2277750170341725,0.9842983202591084,plate,1,e1f__seed20260810
WAY_CP12,34,0.9855940498844622,0.9901273898449208,0.4406235991479971,0.3033263924407475,0.9667180800676396,plate,1,e1f__seed20260810
WAY_CP3,34,0.9892239993180674,0.99236278629054,0.3674525645700535,0.2513671404635925,0.9768465658262816,plate,1,e1f__seed20260810
WAY_CP45,64,0.989085380933037,0.993592588630514,0.3809981962649131,0.2570770734587971,0.975745668918308,plate,1,e1f__seed20260810
WAY_CP46,71,0.9928269797416236,0.9949042280180804,0.3163082899099853,0.211936347019278,0.983008829339792,plate,1,e1f__seed20260810
WAY_CP55,33,0.9759182694327404,0.9773967828466767,0.5932290241733237,0.4091809458147869,0.9504123123679444,plate,1,e1f__seed20260810
WAY_CP62,31,0.9943034197010584,0.995068852612892,0.3037892303033768,0.2065342250591118,0.9872626239282604,plate,1,e1f__seed20260810
WAY_B-1_P13,40,0.9926007639075451,0.992885956133034,0.3540927412369972,0.2311039566047938,0.9846935666684324,plate,2,e1f__seed20260810
WAY_B-1_P16,38,0.99422140905666,0.994570981723502,0.3140797479690247,0.2161912241340044,0.9880578046858448,plate,2,e1f__seed20260810
WAY_B-2_P12,39,0.9916999966447764,0.9917974813727012,0.3681501286838514,0.25594073509489,0.9826680290351064,plate,2,e1f__seed20260810
WAY_B-2_P5,37,0.994186181723581,0.9943612007489004,0.3117893369774421,0.2122219493781887,0.9878615229396516,plate,2,e1f__seed20260810
WAY_B-2_P9,38,0.9921657075675668,0.9928826885290014,0.352038390301263,0.23931909578486,0.9836702341162,plate,2,e1f__seed20260810
WAY_BP5,36,0.9903106185546464,0.9904524891390704,0.3826025259868745,0.2707918665181463,0.9795611314479964,plate,2,e1f__seed20260810
WAY_CP19,35,0.9774478803365212,0.9765701039449136,0.5602819389529653,0.4056139129003796,0.9522970110411766,plate,2,e1f__seed20260810
WAY_CP42,63,0.9853690520489902,0.9887097177273444,0.4572449473433261,0.3176008277718992,0.9681182113637636,plate,2,e1f__seed20260810
WAY_CP47,71,0.9932686296629578,0.9956810961427044,0.302708077310123,0.1989861983611927,0.9848218340254936,plate,2,e1f__seed20260810
WAY_CP53,34,0.992511263024921,0.9928279033171852,0.340128371085183,0.2434929820390206,0.9839910085294068,plate,2,e1f__seed20260810
WAY_CP59,33,0.9908800241106358,0.992298866491048,0.3683185794318603,0.2432116973560834,0.9807026254245322,plate,2,e1f__seed20260810
WAY_CP63,31,0.9942715043765712,0.9946823976267278,0.2948310261718775,0.1989913827697782,0.9881517225868096,plate,2,e1f__seed20260810
WAY_B-2_P20,38,0.9956264052509388,0.9956936284425988,0.2703688118781358,0.1891151276171772,0.9904858862057851,plate,3,e1f__seed20260810
WAY_B-2_P4,40,0.9929661049680348,0.9932978867183884,0.3427542130305783,0.2353153425086624,0.9851630959527806,plate,3,e1f__seed20260810
WAY_BP14,39,0.9918776406268164,0.9922715291743766,0.3458145912143914,0.2439603219931746,0.9829240049124088,plate,3,e1f__seed20260810
WAY_BP2,36,0.9944458345989182,0.9945814725779292,0.2853308543186371,0.1946155836829603,0.9884421988791606,plate,3,e1f__seed20260810
WAY_BP7,38,0.9943302920095584,0.9944119364460317,0.2975946694333916,0.2105914108120767,0.9875727232961838,plate,3,e1f__seed20260810
WAY_CP15,34,0.9696099005415162,0.97191557506978,0.7983620991953707,0.6170581996350744,0.9196029034904478,plate,3,e1f__seed20260810
WAY_CP16,35,0.9718683566178444,0.976133778940182,0.7208502559396316,0.5225481174624629,0.9350897550358837,plate,3,e1f__seed20260810
WAY_CP28,70,0.991411879056543,0.9930279662349342,0.3582735854847435,0.250783766103814,0.981397305233047,plate,3,e1f__seed20260810
WAY_CP29,67,0.9821674366977764,0.9848188477365964,0.5057432050698611,0.3677905258456425,0.9620192180314276,plate,3,e1f__seed20260810
WAY_CP56,34,0.9917775809749736,0.9917839686082706,0.3517547535232212,0.2427905401715453,0.9826791288210276,plate,3,e1f__seed20260810
WAY_CP65,33,0.9933327830098728,0.994071917787782,0.3214770475734565,0.2293680060253074,0.9857464258631298,plate,3,e1f__seed20260810
WAY_CP68,31,0.9912722135519476,0.9920461678792356,0.3581636887402762,0.2456036563629998,0.9821052883571928,plate,3,e1f__seed20260810
WAY_B-2_P24,38,0.9922732026205808,0.992687953356028,0.356799646411243,0.2461455839486518,0.98388615583559,plate,4,e1f__seed20260810
WAY_B-2_P3,29,0.9941234619726506,0.9944526715920442,0.3097441349207588,0.2109057818870911,0.987781785102236,plate,4,e1f__seed20260810
WAY_BP11,40,0.9947629343973056,0.9947852470150256,0.2890950919772406,0.2059264756614511,0.988268647264594,plate,4,e1f__seed20260810
WAY_BP19,39,0.9913265410069032,0.9915583865357211,0.3603701001353917,0.2530432618794278,0.9817165753790482,plate,4,e1f__seed20260810
WAY_BP4,36,0.972747357943827,0.9718530802492712,0.5942857293646302,0.4279380901461014,0.9445933855673344,plate,4,e1f__seed20260810
WAY_BP9,38,0.9946541330928808,0.9948126641062434,0.2910290013332475,0.2073643448978816,0.9882024519544312,plate,4,e1f__seed20260810
WAY_CP17,35,0.9894121253951004,0.9914327864305734,0.393422788076751,0.2797964670721531,0.9770717163754344,plate,4,e1f__seed20260810
WAY_CP20,34,0.987384052416954,0.9925196950094556,0.4042654928891518,0.2747501169162756,0.97274459406913,plate,4,e1f__seed20260810
WAY_CP30,70,0.986996621730834,0.9901573641821194,0.4341005362748253,0.3043348506828537,0.9710401101468747,plate,4,e1f__seed20260810
WAY_CP33,67,0.9906880406787192,0.9922924724585868,0.3716024165540887,0.2532033899621416,0.980368178557819,plate,4,e1f__seed20260810
WAY_CP57,34,0.992555857170206,0.9928316033562582,0.3310109896875365,0.2300390750734319,0.9844539647781108,plate,4,e1f__seed20260810
WAY_CP67,33,0.9881836681560738,0.9884604319606032,0.426499168324162,0.3018144035075891,0.9753040498908058,plate,4,e1f__seed20260810
WAY_B-2_P16,37,0.9934831511493872,0.993708493917114,0.3304604258175509,0.2290491189380195,0.9863474080494355,plate,5,e1f__seed20260810
WAY_B-2_P7,38,0.9945620501860324,0.994899412895961,0.2992923019544946,0.199710865212122,0.988489926846269,plate,5,e1f__seed20260810
WAY_BP20,40,0.9911295844764574,0.9914665777371224,0.3615168542928493,0.2632926098811416,0.9808844941582576,plate,5,e1f__seed20260810
WAY_BP23,39,0.9934053436926784,0.9935227365382822,0.3164594311799167,0.2193652700108093,0.9857767075080958,plate,5,e1f__seed20260810
WAY_BP3,37,0.994037281696804,0.9942091106586504,0.3035673983890309,0.2088286390668578,0.9871767253591788,plate,5,e1f__seed20260810
WAY_CP18,35,0.9844700437073046,0.988553005593219,0.477579550518179,0.3362537958409449,0.9663215312479962,plate,5,e1f__seed20260810
WAY_CP21,34,0.9873311458407292,0.9924672874847952,0.3841264333584493,0.2640359872656385,0.971629602234514,plate,5,e1f__seed20260810
WAY_CP24,29,0.9838779147400336,0.985986368762798,0.4849466484883971,0.3421138117488581,0.9651984820077572,plate,5,e1f__seed20260810
WAY_CP38,70,0.9920355808745966,0.99361485578288,0.3378263881296668,0.2342002703150322,0.9822478716163746,plate,5,e1f__seed20260810
WAY_CP44,67,0.9912607392164972,0.9930662095809067,0.3532214987740311,0.2346411479926014,0.9802558022151222,plate,5,e1f__seed20260810
WAY_CP61,34,0.9916049211815604,0.994965106931284,0.3406412093170367,0.2145476881407348,0.9803295415488906,plate,5,e1f__seed20260810
WAY_CP7,33,0.990046786507218,0.9923735528798092,0.3929702713428347,0.2693359938289252,0.9781931115226408,plate,5,e1f__seed20260810
WAY_B-1_P12,36,0.9908134103807376,0.9924995562836652,0.3957454719231594,0.2731496971415709,0.980613802698914,plate,6,e1f__seed20260810
WAY_B-1_P14,35,0.9926794987837556,0.9928372150742028,0.3539673632821113,0.234713629516838,0.984785058040734,plate,6,e1f__seed20260810
WAY_B-1_P21,28,0.9676425029287072,0.9694928748808568,0.7448277415660789,0.502235336052706,0.9322589664426806,plate,6,e1f__seed20260810
WAY_B-1_P24,40,0.988843925946535,0.989012739690497,0.4361079156182962,0.3077940892223219,0.9765438059197548,plate,6,e1f__seed20260810
WAY_B-1_P6,38,0.9915243271226876,0.99157900385416,0.3813450837324167,0.268785241057094,0.9823323579381952,plate,6,e1f__seed20260810
WAY_B-2_P2,39,0.993309956477158,0.993454926415634,0.3282336208567095,0.2221492106581145,0.986106870443117,plate,6,e1f__seed20260810
WAY_BP16,38,0.9935531731369818,0.9938836651445956,0.3096049926358248,0.2123304693688618,0.9861221354043458,plate,6,e1f__seed20260810
WAY_CP2,35,0.9903295022420602,0.99286801050907,0.3616980137602028,0.2516743879883127,0.9788281817733668,plate,6,e1f__seed20260810
WAY_CP27,66,0.989530314122256,0.9916783390034964,0.3863567969089251,0.2633836631298999,0.9771487972986348,plate,6,e1f__seed20260810
WAY_CP39,70,0.9910290568153992,0.9928340181559414,0.3642050204802075,0.256163012024648,0.9801658911139564,plate,6,e1f__seed20260810
WAY_CP64,34,0.99443377623825,0.9947809813175228,0.2969145140936675,0.2132120714562072,0.9879650436561356,plate,6,e1f__seed20260810
WAY_CP70,33,0.9917841237785672,0.9927655888407144,0.3494852559676885,0.2314458511164989,0.9829760010171203,plate,6,e1f__seed20260810
WAY_B-1_P19,35,0.993157023974003,0.9931058733236284,0.3363734760217912,0.2371704269160827,0.9857994929089168,plate,7,e1f__seed20260810
WAY_B-1_P22,36,0.9902746476150982,0.9922642408488636,0.386555069160382,0.2715602522820421,0.979758255933756,plate,7,e1f__seed20260810
WAY_B-1_P5,28,0.9926648236680624,0.9932592131472306,0.3588441126363628,0.2493709922966209,0.9844658442175724,plate,7,e1f__seed20260810
WAY_B-1_P8,38,0.991930829560526,0.992478569453479,0.3721453794398874,0.2598382905998923,0.9830688299877096,plate,7,e1f__seed20260810
WAY_B-2_P21,39,0.9937125175919448,0.993761200324222,0.3181723165199203,0.2215790676140167,0.9868917182220012,plate,7,e1f__seed20260810
WAY_B-2_P23,40,0.9949805556302244,0.9951594752569962,0.2883800199064149,0.200528366635152,0.989357750277333,plate,7,e1f__seed20260810
WAY_BP17,38,0.9930511431301288,0.9936216379505696,0.3214582067206946,0.2153201968887281,0.98503378621592,plate,7,e1f__seed20260810
WAY_CP23,35,0.9853171233962702,0.9881959947961452,0.4562454920375869,0.3275041740229835,0.9672887363338232,plate,7,e1f__seed20260810
WAY_CP32,66,0.9908912385476678,0.9922829864786162,0.3728795408177635,0.261933434271846,0.9805396544588256,plate,7,e1f__seed20260810
WAY_CP41,70,0.9899546092604288,0.9921966501103464,0.3821361326660295,0.2643437237486071,0.9781475298845808,plate,7,e1f__seed20260810
WAY_CP66,34,0.9825941372952436,0.9832718281237792,0.5197710799425842,0.3687629820937725,0.9634350560966126,plate,7,e1f__seed20260810
WAY_CP72,33,0.9860540683549548,0.9872689822371996,0.468726499094232,0.3270869079696353,0.9705156632260306,plate,7,e1f__seed20260810
WAY_B-1_P1,38,0.991779779244672,0.9935099732173396,0.3728899230010113,0.2329413859786752,0.9829385950032974,plate,8,e1f__seed20260810
WAY_B-1_P10,22,0.9932571936596628,0.9938259654505311,0.3358740731487312,0.2294063102851254,0.9860759432413436,plate,8,e1f__seed20260810
WAY_B-1_P2,35,0.9942716777803724,0.9946380027564904,0.3151048652558391,0.2126185620211241,0.987902005487874,plate,8,e1f__seed20260810
WAY_B-1_P23,36,0.9933693478579196,0.9933728430867858,0.3349627850597928,0.2266615630278001,0.9863232061789092,plate,8,e1f__seed20260810
WAY_B-1_P7,39,0.9935728925892748,0.9942191153961007,0.3326719595537313,0.2313946813900664,0.9864311171268094,plate,8,e1f__seed20260810
WAY_B-2_P11,38,0.9930946741942296,0.9931907112723276,0.3394704084589675,0.2267099671783143,0.9854353106390022,plate,8,e1f__seed20260810
WAY_BP21,38,0.9901887127072114,0.9909767716908292,0.3798193761241319,0.2746406573961513,0.9788465123438584,plate,8,e1f__seed20260810
WAY_CP25,69,0.9874259148832653,0.9906752760723784,0.4302753456064437,0.2932083604987991,0.972991548873681,plate,8,e1f__seed20260810
WAY_CP37,69,0.991963807305802,0.9936785346972776,0.337608274218148,0.2336451194627366,0.9830796141489874,plate,8,e1f__seed20260810
WAY_CP4,35,0.9886483084201388,0.993299239646804,0.3723023084619929,0.255363494425149,0.97620415090145,plate,8,e1f__seed20260810
WAY_CP69,34,0.9899334447369595,0.99061267790738,0.3926780258017707,0.2699836385049179,0.979100226659896,plate,8,e1f__seed20260810
WAY_CP9,33,0.9743428045087108,0.9775145033996924,0.611674687837178,0.4240938958178792,0.9463297712212384,plate,8,e1f__seed20260810
WAY_B-1_P11,38,0.990623213322488,0.9910953332515502,0.39450956502548,0.2825432460543531,0.980122373342986,plate,9,e1f__seed20260810
WAY_B-1_P9,35,0.991770188052291,0.9929594486343422,0.3668721471372378,0.2613791127290663,0.9826468616766344,plate,9,e1f__seed20260810
WAY_B-2_P1,39,0.9939775140251732,0.9946193224170424,0.3068813863353392,0.209995122964634,0.9872239698549288,plate,9,e1f__seed20260810
WAY_B-2_P10,36,0.9935904644120648,0.9942850728512692,0.3236888256291149,0.2242112860331077,0.9865440557100288,plate,9,e1f__seed20260810
WAY_B-2_P14,38,0.9953621193071448,0.9954693673501568,0.2772334750640426,0.1932713336211826,0.9900245294046088,plate,9,e1f__seed20260810
WAY_BP22,38,0.9928275527466164,0.9929735224539746,0.3223092140820188,0.2248328846007508,0.9848880717098866,plate,9,e1f__seed20260810
WAY_CP13,32,0.986502734470915,0.9887970703661008,0.4476409542760012,0.3177060431945164,0.9695075105883352,plate,9,e1f__seed20260810
WAY_CP14,32,0.977679179413402,0.9764152968518196,0.6460861494443805,0.4809819911424179,0.94929665171851,plate,9,e1f__seed20260810
WAY_CP26,69,0.9889909681344728,0.9905616154833494,0.4056214340075216,0.2851582617664339,0.9765076069255376,plate,9,e1f__seed20260810
WAY_CP48,69,0.9900487236126776,0.9943347856903412,0.346687193706455,0.2298836802114778,0.9771547968308568,plate,9,e1f__seed20260810
WAY_CP51,35,0.9941639033640534,0.9950207957677222,0.298710154008823,0.204534614406863,0.9877721525356784,plate,9,e1f__seed20260810
WAY_CP8,34,0.9852583342803404,0.9900058929159204,0.4424527109834842,0.3106415780454656,0.968227683497916,plate,9,e1f__seed20260810
WAY_B-1_P3,39,0.9934250524060072,0.9936978401185544,0.3406076034160418,0.2294406497135494,0.9860105451150024,plate,10,e1f__seed20260810
WAY_B-2_P13,35,0.9946799903938404,0.9946335088793736,0.2951691034214052,0.2063781063868625,0.9887875583831214,plate,10,e1f__seed20260810
WAY_B-2_P15,38,0.9948875459486564,0.995045872262644,0.2949309314304131,0.2042923266675779,0.9887978302424536,plate,10,e1f__seed20260810
WAY_B-2_P6,39,0.9918700161670936,0.9922149291684036,0.3694375125236246,0.2514285189519692,0.9826496281927766,plate,10,e1f__seed20260810
WAY_B-2_P8,36,0.9946610757301036,0.9953037974939432,0.295873921675463,0.1955758977579998,0.9886802207766662,plate,10,e1f__seed20260810
WAY_BP24,38,0.9895941062921422,0.989894970222861,0.3999340051872839,0.2838297293634718,0.977495211397243,plate,10,e1f__seed20260810
WAY_CP11,33,0.9886612605268248,0.9932060734341912,0.3986661953673013,0.2725644734977355,0.9748327152005772,plate,10,e1f__seed20260810
WAY_CP31,69,0.9894582606858195,0.9915391648005608,0.387424323684753,0.2704804795455776,0.9776797502681428,plate,10,e1f__seed20260810
WAY_CP34,68,0.9880565428654572,0.9907913102282384,0.4211973729228482,0.287392821227429,0.9733891996118866,plate,10,e1f__seed20260810
WAY_CP50,33,0.9949127110062492,0.9953824135263728,0.2760353494185943,0.1901425443867209,0.9894986400877568,plate,10,e1f__seed20260810
WAY_CP58,35,0.9934620931255308,0.9943063716854882,0.3114272129524356,0.212986657453245,0.9863578652830304,plate,10,e1f__seed20260810
WAY_CP60,32,0.9910814021246372,0.991529677462508,0.3673235209482146,0.2543170878250926,0.9816211369012108,plate,10,e1f__seed20260810
WAY_B-1_P4,39,0.9917366824383064,0.9925037843659203,0.3791253571742634,0.2539788864548286,0.982652586390082,plate,11,e1f__seed20260810
WAY_B-2_P17,38,0.993726961205486,0.9941007479165688,0.3227287466466759,0.2272467403760716,0.9867619294620302,plate,11,e1f__seed20260810
WAY_B-2_P22,35,0.9953076833044432,0.9958865566425344,0.280687178193662,0.1831186228506726,0.989967419345066,plate,11,e1f__seed20260810
WAY_BP13,39,0.9887889136789524,0.9888869821539352,0.4093388048205172,0.2965877861828748,0.9758446417895528,plate,11,e1f__seed20260810
WAY_BP15,36,0.9935885297739476,0.9936622360522016,0.3176626823513718,0.2248700007742224,0.9859389618888118,plate,11,e1f__seed20260810
WAY_BP6,38,0.9894502959811714,0.989762813476873,0.4063288719202882,0.2906909713950195,0.9767366917123392,plate,11,e1f__seed20260810
WAY_CP35,69,0.9916401536962623,0.9928912055595134,0.3569441039478076,0.2417731648599733,0.9819925534434756,plate,11,e1f__seed20260810
WAY_CP40,68,0.9867465419994748,0.9894187591302812,0.4272531172483612,0.3042801446809643,0.9708842498343386,plate,11,e1f__seed20260810
WAY_CP49,33,0.9927917597412784,0.993950466946646,0.329054323225205,0.2195200623436489,0.9850711254226704,plate,11,e1f__seed20260810
WAY_CP5,31,0.9895523089638948,0.9912506022486772,0.3978182180192552,0.2838929104537857,0.976766617732634,plate,11,e1f__seed20260810
WAY_CP52,33,0.992935917279846,0.994044164714688,0.3288133591430752,0.2236920872596952,0.9852276479507196,plate,11,e1f__seed20260810
WAY_CP71,35,0.9936283667088424,0.9939132940636964,0.3114490618675977,0.2147675941537264,0.9867958587538296,plate,11,e1f__seed20260810
WAY_B-1_P17,40,0.9935095225425904,0.9936692923797912,0.3443760317378258,0.2381199057465426,0.9856250335418724,plate,0,e1f__seed3407
WAY_B-1_P20,38,0.9954641764649224,0.9956304656617914,0.2780924522621594,0.1940691891242924,0.9904612516221836,plate,0,e1f__seed3407
WAY_B-2_P19,39,0.9937789249839244,0.9939670927971516,0.3230068952478342,0.2159297645058793,0.9867696780844348,plate,0,e1f__seed3407
WAY_BP12,38,0.9917474434030682,0.9918730740929382,0.3531763720767901,0.2547555945344869,0.9826793465396793,plate,0,e1f__seed3407
WAY_BP18,37,0.9875753973710364,0.987361577123874,0.4375395954213203,0.3198899360000437,0.973117781112981,plate,0,e1f__seed3407
WAY_CP1,34,0.9896277216030396,0.9914059649301292,0.4057008424513701,0.2832114329152012,0.9773148114024646,plate,0,e1f__seed3407
WAY_CP10,35,0.9900333615185096,0.9934944515179286,0.3545407470587113,0.2404459245480602,0.9786410478179728,plate,0,e1f__seed3407
WAY_CP22,34,0.9862314429279238,0.9879081356805448,0.4395573738365411,0.3032063454939393,0.9708629318318918,plate,0,e1f__seed3407
WAY_CP36,71,0.9789269682086748,0.9811734893684158,0.5683418831732024,0.4123484990505002,0.9538930757063636,plate,0,e1f__seed3407
WAY_CP43,65,0.9911714321698276,0.9938607282276096,0.3506806098190096,0.2350486475124604,0.9810267452979876,plate,0,e1f__seed3407
WAY_CP54,33,0.9884361495660512,0.98900077317724,0.4163441888637796,0.3033454640115152,0.975934654191423,plate,0,e1f__seed3407
WAY_CP6,31,0.9872065670784492,0.9897295402920332,0.4310518554200009,0.3050916543120349,0.9716636458027516,plate,0,e1f__seed3407
WAY_B-1_P15,40,0.9941589370498614,0.9942441634850856,0.3168480550412982,0.2101038374048577,0.9877702819846472,plate,1,e1f__seed3407
WAY_B-1_P18,38,0.9869295096941744,0.98751782247971,0.4703198247973574,0.3431824079592158,0.9728341021047996,plate,1,e1f__seed3407
WAY_B-2_P18,39,0.989169839297402,0.989711364419574,0.4180970913687734,0.3017733247432258,0.9777455748234518,plate,1,e1f__seed3407
WAY_BP1,37,0.99457544056429,0.9950041144131456,0.2882293134374772,0.2022492513218486,0.9882438922251258,plate,1,e1f__seed3407
WAY_BP10,38,0.9940587700657656,0.9940216058849854,0.2955769039632916,0.2054843970046409,0.9874651687879006,plate,1,e1f__seed3407
WAY_BP8,36,0.992861855128186,0.992868563975272,0.321300702280451,0.2213345968461721,0.9851173617904224,plate,1,e1f__seed3407
WAY_CP12,34,0.9841301421881272,0.9892789593158988,0.4604218685986057,0.3179714225528861,0.9642556210413108,plate,1,e1f__seed3407
WAY_CP3,34,0.989199151034098,0.9921414214201548,0.3752227887841152,0.2564419001456635,0.9760744856194312,plate,1,e1f__seed3407
WAY_CP45,64,0.989931880969753,0.9939908666090158,0.3717152539912297,0.2519528930941741,0.9775907246662594,plate,1,e1f__seed3407
WAY_CP46,71,0.992739345001909,0.9946208208207766,0.3167181026216614,0.2130784068675914,0.9833697907679986,plate,1,e1f__seed3407
WAY_CP55,33,0.9774123074731232,0.9782832526350648,0.5742315259692178,0.3978514446556007,0.9535107817895696,plate,1,e1f__seed3407
WAY_CP62,31,0.9939749037930145,0.9950357131378752,0.3130429156679497,0.211571715646904,0.9864823419439523,plate,1,e1f__seed3407
WAY_B-1_P13,40,0.9922783635194644,0.992537439294844,0.3614546715553576,0.2373926201743352,0.984047159431644,plate,2,e1f__seed3407
WAY_B-1_P16,38,0.993637159847072,0.9940032400089288,0.3296862651596307,0.2300359923575319,0.986834138551198,plate,2,e1f__seed3407
WAY_B-2_P12,39,0.990869387567869,0.9909921585390518,0.3873477806775685,0.2709381201160641,0.9807984599773376,plate,2,e1f__seed3407
WAY_B-2_P5,37,0.9941799591198228,0.9942787021712804,0.3100099850868216,0.213007744805188,0.9879972522546516,plate,2,e1f__seed3407
WAY_B-2_P9,38,0.9919668120570854,0.9928048390941424,0.3561519712620823,0.2417609520680876,0.9832996773424312,plate,2,e1f__seed3407
WAY_BP5,36,0.9915820064605226,0.9915535983542028,0.3605542439326135,0.2543369037804989,0.9818637942993392,plate,2,e1f__seed3407
WAY_CP19,35,0.977400708511196,0.9765857687429156,0.5578876086857596,0.4027158793492955,0.9525554867422504,plate,2,e1f__seed3407
WAY_CP42,63,0.985534493251746,0.988752446923395,0.4565257835486276,0.3180601636660606,0.9683253563276228,plate,2,e1f__seed3407
WAY_CP47,71,0.9932605181760396,0.995803262079334,0.3004112479271487,0.1979529114878053,0.9852808025808356,plate,2,e1f__seed3407
WAY_CP53,34,0.9928228055189768,0.9934755800279034,0.3323087496798284,0.238087085263055,0.9847081049755596,plate,2,e1f__seed3407
WAY_CP59,33,0.9910314357907124,0.9926340256896008,0.3652920212869687,0.2414088983612204,0.9810220134062438,plate,2,e1f__seed3407
WAY_CP63,31,0.9941743333927932,0.9946134834913882,0.2961417136773125,0.199738162786008,0.9880492044640096,plate,2,e1f__seed3407
WAY_B-2_P20,38,0.9957975216153307,0.9958143863826454,0.2635382860867079,0.1840874509960715,0.9909776666865396,plate,3,e1f__seed3407
WAY_B-2_P4,40,0.992864258821898,0.9931212705659318,0.3441838897245411,0.2364252963877838,0.985038010069351,plate,3,e1f__seed3407
WAY_BP14,39,0.9918481306523252,0.9921259449222368,0.3452122176747793,0.2417551884896921,0.9829740544240496,plate,3,e1f__seed3407
WAY_BP2,36,0.9942215188612132,0.9942329610453506,0.29361592175042,0.1995787885411217,0.9877669127584676,plate,3,e1f__seed3407
WAY_BP7,38,0.9944662951089192,0.9946335314168676,0.2890209215189411,0.2015997845282829,0.9882798620540572,plate,3,e1f__seed3407
WAY_CP15,34,0.9686876390459348,0.9713648424225004,0.7882401044001929,0.5993347794725326,0.9209826417493604,plate,3,e1f__seed3407
WAY_CP16,35,0.9714391393485464,0.9755878577409204,0.7281362815135448,0.5300599940503383,0.934030710127631,plate,3,e1f__seed3407
WAY_CP28,70,0.991017021667756,0.9924495293334868,0.3688071123172684,0.2597786390087082,0.9804229262183374,plate,3,e1f__seed3407
WAY_CP29,67,0.9824351554349394,0.9851991077232972,0.4984420696500052,0.3584404548815667,0.9632646889864848,plate,3,e1f__seed3407
WAY_CP56,34,0.9907885728993868,0.9908701321458508,0.371288091124736,0.2601325436149919,0.980706945439875,plate,3,e1f__seed3407
WAY_CP65,33,0.993155185515207,0.9940931380353902,0.327913558338357,0.2343687156021103,0.9851705890529334,plate,3,e1f__seed3407
WAY_CP68,31,0.991443091325699,0.9919365935710316,0.3555893040888629,0.2449290429738395,0.9823453453361428,plate,3,e1f__seed3407
WAY_B-2_P24,38,0.9918649673342744,0.9920922108017838,0.3664058762579346,0.253531555426761,0.9830056814649292,plate,4,e1f__seed3407
WAY_B-2_P3,29,0.993961074109546,0.9945968210123076,0.3135604141428031,0.2118701193893588,0.9874752716811116,plate,4,e1f__seed3407
WAY_BP11,40,0.994383607695104,0.9945794317253396,0.3050436868016014,0.2175954040172789,0.986939788583632,plate,4,e1f__seed3407
WAY_BP19,39,0.9916211764157938,0.9918941915941696,0.3557809644389207,0.2510349836865588,0.9821805193322032,plate,4,e1f__seed3407
WAY_BP4,36,0.9727568467267624,0.9717945712881644,0.5949870730694242,0.4258656182634032,0.9444840417643028,plate,4,e1f__seed3407
WAY_BP9,38,0.9944141192111648,0.9946528499152456,0.2995558646689255,0.2125963774841296,0.9874993634477712,plate,4,e1f__seed3407
WAY_CP17,35,0.9879615780115334,0.990367610260898,0.4247423601027202,0.3050552509811226,0.9735753488088228,plate,4,e1f__seed3407
WAY_CP20,34,0.9875336564625818,0.9919417344926732,0.4070207912965994,0.2814046641561913,0.9735000480831912,plate,4,e1f__seed3407
WAY_CP30,70,0.9869170112964382,0.9900251546276376,0.4379295493718002,0.3062767859520819,0.9705808391726,plate,4,e1f__seed3407
WAY_CP33,67,0.9907581048667696,0.9929237325024974,0.3662626911623329,0.2510936042849384,0.9805449427153594,plate,4,e1f__seed3407
WAY_CP57,34,0.9923443262878934,0.9927592379676962,0.3365413662452072,0.235448680126769,0.9839439273662386,plate,4,e1f__seed3407
WAY_CP67,33,0.9905696605367784,0.990597855837579,0.3839344747647205,0.273897391241288,0.9799736698605356,plate,4,e1f__seed3407
WAY_B-2_P16,37,0.9937061889186216,0.993865742132846,0.3250015162516668,0.2231529359660482,0.9867936131664288,plate,5,e1f__seed3407
WAY_B-2_P7,38,0.9948387585371165,0.995132748042714,0.2947789840183532,0.1979550143805172,0.9888390484766376,plate,5,e1f__seed3407
WAY_BP20,40,0.990210817155456,0.9904165345225898,0.3823935171430735,0.2827771322658033,0.9786170620053084,plate,5,e1f__seed3407
WAY_BP23,39,0.992696573828043,0.9927757488351776,0.3297248676292638,0.2299690907763436,0.984556438267976,plate,5,e1f__seed3407
WAY_BP3,37,0.99402292056752,0.994206016453601,0.3077918905801788,0.2136960355797224,0.9868224840713652,plate,5,e1f__seed3407
WAY_CP18,35,0.9835689181984796,0.9876073439571252,0.4969212008955008,0.3486715337470835,0.9636456841593102,plate,5,e1f__seed3407
WAY_CP21,34,0.984586037359572,0.992170155146056,0.4163783063091908,0.2798946817291635,0.962468660191682,plate,5,e1f__seed3407
WAY_CP24,29,0.9841710095172516,0.9867780886561536,0.4718054508985851,0.3344572564093069,0.9666724896452344,plate,5,e1f__seed3407
WAY_CP38,70,0.9920099626263682,0.9936685676906551,0.3387413891690241,0.2333960295173305,0.9821507601030098,plate,5,e1f__seed3407
WAY_CP44,67,0.9908462965871938,0.992872502897803,0.3608485356154381,0.2418502385713203,0.979369209802879,plate,5,e1f__seed3407
WAY_CP61,34,0.9919441342975568,0.9950069747822796,0.3320616865162605,0.2058690519695062,0.9811900992434688,plate,5,e1f__seed3407
WAY_CP7,33,0.9893269179144246,0.9922510961339484,0.4063036670408324,0.2759556875266122,0.9768069248285915,plate,5,e1f__seed3407
WAY_B-1_P12,36,0.9905180025460748,0.9920467374104212,0.3996556554782497,0.2739222196923302,0.9802502246890354,plate,6,e1f__seed3407
WAY_B-1_P14,35,0.9925390205626878,0.9926096391543084,0.3571792488012865,0.236490047578852,0.984495423020554,plate,6,e1f__seed3407
WAY_B-1_P21,28,0.9663042542163206,0.968646547619216,0.758220487848429,0.5135304370318238,0.929725721718758,plate,6,e1f__seed3407
WAY_B-1_P24,40,0.9898681915585243,0.9900574638217414,0.4167795025412543,0.293781919125295,0.9785164285434352,plate,6,e1f__seed3407
WAY_B-1_P6,38,0.9915430335645282,0.991680187483574,0.3794155786987155,0.2661846854956475,0.9825094466291636,plate,6,e1f__seed3407
WAY_B-2_P2,39,0.9938971735993468,0.9940102018252364,0.3135896996251955,0.212061356329433,0.987314176668768,plate,6,e1f__seed3407
WAY_BP16,38,0.99324643116938,0.9933705364248052,0.3254418935993801,0.2267439851082601,0.9846752003999728,plate,6,e1f__seed3407
WAY_CP2,35,0.9903986338751588,0.9927109931965546,0.3643678507333424,0.2535565821907586,0.9793887982338488,plate,6,e1f__seed3407
WAY_CP27,66,0.9897923068585578,0.9917287324678348,0.3860905757336043,0.2660855161177104,0.97758314645763,plate,6,e1f__seed3407
WAY_CP39,70,0.9909719754531634,0.992673964260602,0.3675240423795945,0.2600401879607413,0.979851731729688,plate,6,e1f__seed3407
WAY_CP64,34,0.9946685369125144,0.9950222745869456,0.2898231005029199,0.2079272462294588,0.9885360645241688,plate,6,e1f__seed3407
WAY_CP70,33,0.9919868644156836,0.9929442417795032,0.3445114291156044,0.2267627556359791,0.9834623139269826,plate,6,e1f__seed3407
WAY_B-1_P19,35,0.9937531337366794,0.9940395238409948,0.3215321871213516,0.2244052183129282,0.9870048391332744,plate,7,e1f__seed3407
WAY_B-1_P22,36,0.99134999035078,0.9935600694604098,0.3609486349405345,0.2493943219226796,0.9820950281928196,plate,7,e1f__seed3407
WAY_B-1_P5,28,0.9928566741881364,0.9934275535033668,0.3553622559113268,0.2452566781981971,0.9847657783149892,plate,7,e1f__seed3407
WAY_B-1_P8,38,0.9932363625161124,0.9939199552167014,0.3448484361298643,0.2390942757551414,0.9854460441150088,plate,7,e1f__seed3407
WAY_B-2_P21,39,0.993973080967788,0.9939299609527928,0.3113397410934394,0.2161517529759949,0.9874379538458824,plate,7,e1f__seed3407
WAY_B-2_P23,40,0.9950402029154984,0.9951179678644008,0.2859344076724221,0.1982522474035698,0.9895403410195188,plate,7,e1f__seed3407
WAY_BP17,38,0.9925311180915904,0.9929549058689908,0.3340179829033857,0.2320018430208303,0.9838586142206042,plate,7,e1f__seed3407
WAY_CP23,35,0.984127994466412,0.9875580376939972,0.4723221223230776,0.3394766847726706,0.9643647027416036,plate,7,e1f__seed3407
WAY_CP32,66,0.9904068332264244,0.9920211652387548,0.3805200898473947,0.2669047156809943,0.9795436079885064,plate,7,e1f__seed3407
WAY_CP41,70,0.989799022690349,0.99231189915277,0.3855831267187946,0.2668549575331889,0.9776413906654772,plate,7,e1f__seed3407
WAY_CP66,34,0.9833319779190562,0.9842410402692968,0.5058904912023979,0.3547204311898467,0.9653626211762932,plate,7,e1f__seed3407
WAY_CP72,33,0.9860746886890036,0.9871075946343436,0.4679888315501984,0.3244840289251698,0.9706526626186528,plate,7,e1f__seed3407
WAY_B-1_P1,38,0.991902608042175,0.9936984723267904,0.3716246126483927,0.2330978716756797,0.9830630747025256,plate,8,e1f__seed3407
WAY_B-1_P10,22,0.9931316317526554,0.99404740572287,0.3393098591044383,0.2288251034098011,0.9858070191053068,plate,8,e1f__seed3407
WAY_B-1_P2,35,0.99429591393491,0.9945099547983148,0.3152338972010246,0.2115899710120331,0.9878940723838676,plate,8,e1f__seed3407
WAY_B-1_P23,36,0.9933024145469506,0.9933596306361264,0.3367205788984429,0.2276887628077531,0.9861807965249184,plate,8,e1f__seed3407
WAY_B-1_P7,39,0.9931235357259548,0.9938645837014236,0.3431105635995231,0.2365773846331078,0.9855706659601156,plate,8,e1f__seed3407
WAY_B-2_P11,38,0.9928682815390012,0.9928652593364542,0.346574348053475,0.23082094790439,0.9848111254054488,plate,8,e1f__seed3407
WAY_BP21,38,0.9898154760623936,0.9902974152699608,0.3863638092337348,0.2791637762378693,0.9781132415685851,plate,8,e1f__seed3407
WAY_CP25,69,0.9873624254370016,0.9908588941342062,0.4336363592421777,0.2961424610881735,0.9724068246639006,plate,8,e1f__seed3407
WAY_CP37,69,0.9918301739740224,0.9936760617052538,0.3374729350188244,0.2326926499374085,0.9828888738192167,plate,8,e1f__seed3407
WAY_CP4,35,0.9890990745862472,0.9936349634302196,0.3649016283840584,0.2485232938054648,0.9770781786411028,plate,8,e1f__seed3407
WAY_CP69,34,0.9902670261331148,0.9909522822073432,0.3863839367207689,0.2675869730263791,0.9797562209668474,plate,8,e1f__seed3407
WAY_CP9,33,0.9740863406437864,0.9776548857422652,0.6107932997863017,0.4232321868145812,0.9462166492201686,plate,8,e1f__seed3407
WAY_B-1_P11,38,0.990769964775068,0.9911827943561312,0.3911448975026055,0.278869373625014,0.9804934439767348,plate,9,e1f__seed3407
WAY_B-1_P9,35,0.992074810906906,0.9936574286063125,0.3611797829726258,0.2552850534684411,0.9831616324435628,plate,9,e1f__seed3407
WAY_B-2_P1,39,0.993463400731594,0.9941197313358244,0.3186290332803683,0.2200270310070596,0.986270907479499,plate,9,e1f__seed3407
WAY_B-2_P10,36,0.9934886823648428,0.9941406408545692,0.3257426483154152,0.2248060350239254,0.9863772947281598,plate,9,e1f__seed3407
WAY_B-2_P14,38,0.9951042631244243,0.9951181905188792,0.2837646818239899,0.1978702864206657,0.989565426580539,plate,9,e1f__seed3407
WAY_BP22,38,0.9930035528496676,0.9931039429641092,0.3172938172531215,0.2205736323801569,0.9853576546390412,plate,9,e1f__seed3407
WAY_CP13,32,0.9858442967419694,0.9891427863108389,0.4521746812363956,0.3131211519550073,0.9675638141702276,plate,9,e1f__seed3407
WAY_CP14,32,0.9815296000413948,0.9813434973763489,0.569492175625908,0.4097632834514771,0.9601495066081104,plate,9,e1f__seed3407
WAY_CP26,69,0.9886935644789728,0.9905738572872008,0.4096623496052587,0.2877504837954291,0.975943665780158,plate,9,e1f__seed3407
WAY_CP48,69,0.990064627861462,0.9941480361351276,0.3442156472052113,0.2330856118375386,0.9780013640774416,plate,9,e1f__seed3407
WAY_CP51,35,0.9941006751495384,0.9947832149972284,0.3011254795716404,0.2075267198431062,0.9875836964270116,plate,9,e1f__seed3407
WAY_CP8,34,0.9856146949095952,0.9905327186334356,0.4351165636136048,0.304864311544042,0.9691604686785532,plate,9,e1f__seed3407
WAY_B-1_P3,39,0.9932041159607176,0.9933321098417436,0.3466527400705442,0.2306141681853205,0.9855144534230104,plate,10,e1f__seed3407
WAY_B-2_P13,35,0.995009772853446,0.9951081833042734,0.2853862324059333,0.1976892728604011,0.989510677240456,plate,10,e1f__seed3407
WAY_B-2_P15,38,0.9946370033891746,0.9947312705436716,0.2994482282252118,0.2066026472755869,0.9884536221949032,plate,10,e1f__seed3407
WAY_B-2_P6,39,0.992275440553326,0.9925002964039984,0.3632107743892043,0.248377329822848,0.9832359512103174,plate,10,e1f__seed3407
WAY_B-2_P8,36,0.994517919504311,0.9950296275924236,0.2994123507143035,0.1979168566114389,0.9884059829155664,plate,10,e1f__seed3407
WAY_BP24,38,0.98974374731166,0.9902829896798496,0.3974036169435794,0.2845470770345876,0.9777881621884092,plate,10,e1f__seed3407
WAY_CP11,33,0.9881525195290648,0.9925079364018397,0.4129203825118983,0.2784432412472022,0.9731847427533444,plate,10,e1f__seed3407
WAY_CP31,69,0.989009581647414,0.9911873752443374,0.3963420938465272,0.2777668297279551,0.9768309551305896,plate,10,e1f__seed3407
WAY_CP34,68,0.987866850469189,0.990968483452505,0.4294393589984717,0.2910369733255847,0.9721113084657488,plate,10,e1f__seed3407
WAY_CP50,33,0.994712951573518,0.9952812807667448,0.2819811939502744,0.1936569885374514,0.9890495188325534,plate,10,e1f__seed3407
WAY_CP58,35,0.9932934470734806,0.9940798309161084,0.3150315874458335,0.2165022723492989,0.9860488049312308,plate,10,e1f__seed3407
WAY_CP60,32,0.9905091532312088,0.9912708937167776,0.3794259136417168,0.2665846297394042,0.9804026195897486,plate,10,e1f__seed3407
WAY_B-1_P4,39,0.9917814473457433,0.993231165310908,0.3770383003659615,0.2491511557864744,0.9828306147546696,plate,11,e1f__seed3407
WAY_B-2_P17,38,0.9939828747580804,0.9943701280935102,0.3191654217507101,0.2255319314209875,0.9870453439841476,plate,11,e1f__seed3407
WAY_B-2_P22,35,0.9951473522245644,0.995704939988838,0.2841925852767025,0.1862518137577345,0.9897277418057208,plate,11,e1f__seed3407
WAY_BP13,39,0.9865386278943756,0.9872219010678724,0.4481149257776624,0.3267948896209309,0.971067641973354,plate,11,e1f__seed3407
WAY_BP15,36,0.9932098814943384,0.993434145049372,0.3282943360360825,0.234447241276192,0.9849860895277442,plate,11,e1f__seed3407
WAY_BP6,38,0.9890437920986096,0.9892750077666704,0.4194375404403021,0.3022018824011571,0.9752337098903916,plate,11,e1f__seed3407
WAY_CP35,69,0.9920339572060244,0.9932527209227814,0.3471472452828006,0.2334467550775148,0.982870052213595,plate,11,e1f__seed3407
WAY_CP40,68,0.9866972617526972,0.9890342055516624,0.4304777387318781,0.3081258848999341,0.9710345428363768,plate,11,e1f__seed3407
WAY_CP49,33,0.9927397035323432,0.993863761416493,0.3305446273519117,0.2216888289934534,0.9849394025814427,plate,11,e1f__seed3407
WAY_CP5,31,0.9894844381714716,0.9915268679628756,0.3949150134624615,0.2830457213963447,0.9769837420692846,plate,11,e1f__seed3407
WAY_CP52,33,0.9930210101212794,0.9939836346854805,0.3274701591723917,0.2210436956448253,0.9853466672951288,plate,11,e1f__seed3407
WAY_CP71,35,0.9934547654953542,0.9937853731750368,0.3166612908421779,0.2190151114317538,0.9863475669803132,plate,11,e1f__seed3407
WAY_B-1_P17,40,0.9937708957994268,0.993916527864848,0.337737664087412,0.2348807581995033,0.9861745775672393,plate,0,e1f__seed42
WAY_B-1_P20,38,0.9948203876995236,0.9949411637606628,0.297306662537116,0.2088207133386761,0.9891054076952884,plate,0,e1f__seed42
WAY_B-2_P19,39,0.9943336432875762,0.9946167766188356,0.3110394404583693,0.2059498589252109,0.9877220397960292,plate,0,e1f__seed42
WAY_BP12,38,0.9921437354648328,0.9921706287054232,0.3479156519731243,0.2518523524469296,0.9831927246615916,plate,0,e1f__seed42
WAY_BP18,37,0.987371518203172,0.987332626366537,0.4487952228408799,0.3342986823519567,0.9717123059117831,plate,0,e1f__seed42
WAY_CP1,34,0.989690018591328,0.9910086493654138,0.4029425055818109,0.2838263891499079,0.977667748742846,plate,0,e1f__seed42
WAY_CP10,35,0.9898761234476098,0.9927055041799532,0.3659819782237907,0.2525443679343503,0.9782640817106052,plate,0,e1f__seed42
WAY_CP22,34,0.98573950283148,0.9882793423498408,0.445961061718736,0.3086172416682672,0.9689231281990868,plate,0,e1f__seed42
WAY_CP36,71,0.978474714472205,0.9798470114616517,0.5794602824593383,0.4214874468977231,0.9526308881459876,plate,0,e1f__seed42
WAY_CP43,65,0.9907525359664208,0.9934255757021386,0.3611676351331359,0.242397173785134,0.9800212412815456,plate,0,e1f__seed42
WAY_CP54,33,0.988945582935972,0.989344388300602,0.4079196496687594,0.2961440004787053,0.9769246052653512,plate,0,e1f__seed42
WAY_CP6,31,0.9862383030965696,0.9893956836820316,0.4433296297546437,0.3153195913546125,0.9688836420349248,plate,0,e1f__seed42
WAY_B-1_P15,40,0.9944426379035868,0.9945080628084718,0.3102332888354175,0.2063135513291966,0.9882693835677184,plate,1,e1f__seed42
WAY_B-1_P18,38,0.9860591076034048,0.9864712091478528,0.4823591268183752,0.3515465866983139,0.971402724190389,plate,1,e1f__seed42
WAY_B-2_P18,39,0.9881548891875408,0.9888523188816114,0.4402893145009995,0.3182846059822417,0.9753118843644512,plate,1,e1f__seed42
WAY_BP1,37,0.9944768716184136,0.9948091206969872,0.2923485649787418,0.2062715717229386,0.987908396202822,plate,1,e1f__seed42
WAY_BP10,38,0.9936793612919502,0.9935197609987202,0.3109339111981093,0.2202275633815102,0.98612628373,plate,1,e1f__seed42
WAY_BP8,36,0.9924538858619388,0.9925756118928348,0.3404757373985578,0.2420815737863123,0.9832930647840032,plate,1,e1f__seed42
WAY_CP12,34,0.9854293209685222,0.9902758153829124,0.4444611035674106,0.3069060432696831,0.9668817952149418,plate,1,e1f__seed42
WAY_CP3,34,0.9891376189456704,0.9923041247604908,0.3709113216739949,0.2544031108134243,0.9766905340399766,plate,1,e1f__seed42
WAY_CP45,64,0.9900463587048716,0.9938081293916532,0.3698669283290141,0.2503217233265584,0.9777869219315,plate,1,e1f__seed42
WAY_CP46,71,0.9927374090587596,0.9946226509340816,0.3175245683712918,0.2146144529882142,0.983453723252277,plate,1,e1f__seed42
WAY_CP55,33,0.9776589188415108,0.9782650557160136,0.5735127557257175,0.3977763133610935,0.9536239278544966,plate,1,e1f__seed42
WAY_CP62,31,0.9940416372508616,0.9949489863192802,0.3103957464037636,0.2116447778127566,0.986710245601047,plate,1,e1f__seed42
WAY_B-1_P13,40,0.991602348053482,0.991687624973412,0.3779735296334147,0.2446722170498886,0.982563551548616,plate,2,e1f__seed42
WAY_B-1_P16,38,0.993973722864822,0.9944594761485042,0.3208200863050686,0.2206503506415977,0.987531467510686,plate,2,e1f__seed42
WAY_B-2_P12,39,0.9905756526702432,0.9907090484062816,0.3924886407710718,0.2708756069747956,0.9802683798123858,plate,2,e1f__seed42
WAY_B-2_P5,37,0.9943445637632122,0.994501027528472,0.3071120674187974,0.2103704491874602,0.9882221153214416,plate,2,e1f__seed42
WAY_B-2_P9,38,0.9916082060159304,0.992190612433814,0.3654544919934067,0.2499812293427608,0.9824393928102608,plate,2,e1f__seed42
WAY_BP5,36,0.9922052536693106,0.9922108976215284,0.3485456909603301,0.2469244134348832,0.98304056380544,plate,2,e1f__seed42
WAY_CP19,35,0.9767372743846292,0.975269660139427,0.5672840288368362,0.4137834983458562,0.9511103324173956,plate,2,e1f__seed42
WAY_CP42,63,0.985196538592212,0.988765042041322,0.4675587830851119,0.3221597447978116,0.9665474356179756,plate,2,e1f__seed42
WAY_CP47,71,0.9930614416713196,0.9955701474187642,0.3077439574042518,0.2028438290249668,0.984311166583892,plate,2,e1f__seed42
WAY_CP53,34,0.9928711453112424,0.9933568951013168,0.3315197433891298,0.237284994461683,0.98479209529463,plate,2,e1f__seed42
WAY_CP59,33,0.9905499161302954,0.9921359458226404,0.3743474872011109,0.2473684945566826,0.9800745658368804,plate,2,e1f__seed42
WAY_CP63,31,0.994156533793536,0.9947263831657194,0.2971361111425818,0.199429128902041,0.9879599558017772,plate,2,e1f__seed42
WAY_B-2_P20,38,0.99557488130732,0.9956223938897945,0.2704788725287553,0.1890400723418636,0.990478788466222,plate,3,e1f__seed42
WAY_B-2_P4,40,0.9925600851502356,0.9927769092705152,0.3508178181011146,0.2414894942044547,0.9844567126447524,plate,3,e1f__seed42
WAY_BP14,39,0.990696364401764,0.9910327521945838,0.3675485499463938,0.2593812906207756,0.9807213643369516,plate,3,e1f__seed42
WAY_BP2,36,0.9941657688860316,0.99420356895616,0.2917992463625136,0.1987052757068285,0.9879234765562318,plate,3,e1f__seed42
WAY_BP7,38,0.9946041460938416,0.9946357300087378,0.2925598134552887,0.208016819073816,0.987999223123787,plate,3,e1f__seed42
WAY_CP15,34,0.9702211360912886,0.9729926261150752,0.7848372152562221,0.6027637600939331,0.9211522108974358,plate,3,e1f__seed42
WAY_CP16,35,0.9714855199206914,0.9757282706500968,0.7553332053209366,0.5688460613933655,0.9290847503662863,plate,3,e1f__seed42
WAY_CP28,70,0.9914695756412476,0.992954170727852,0.35761686597453,0.2498145465210299,0.9814419765718152,plate,3,e1f__seed42
WAY_CP29,67,0.9806702046633876,0.9833523815029398,0.5244528016945217,0.3805006327749127,0.9592349038130188,plate,3,e1f__seed42
WAY_CP56,34,0.991340797795867,0.9914268896617237,0.3609541437908619,0.2502412304141382,0.9817664939796324,plate,3,e1f__seed42
WAY_CP65,33,0.9930377029014764,0.99389488879378,0.3309734022789143,0.2373312300128583,0.9848992466549892,plate,3,e1f__seed42
WAY_CP68,31,0.99078555633418,0.9915735840432892,0.3685818232424881,0.2541802451229321,0.9810420135660354,plate,3,e1f__seed42
WAY_B-2_P24,38,0.992124945410808,0.9920405163352604,0.3606338276958424,0.2520550493511476,0.9835494779120446,plate,4,e1f__seed42
WAY_B-2_P3,29,0.993787743845978,0.994487248509562,0.3191589027918318,0.2177079691285339,0.9870267035304504,plate,4,e1f__seed42
WAY_BP11,40,0.9946606893930776,0.994793350419801,0.2936609834961994,0.2083117577175508,0.9879000853338972,plate,4,e1f__seed42
WAY_BP19,39,0.991319030613772,0.991541810394876,0.361449933773812,0.2522685722991865,0.9816075580600376,plate,4,e1f__seed42
WAY_BP4,36,0.9727724939660368,0.9711904823993732,0.5946690476652906,0.4283315016276512,0.9445253330339182,plate,4,e1f__seed42
WAY_BP9,38,0.9944703531362205,0.99460270637581,0.2952242413025958,0.207569146370785,0.987861202316305,plate,4,e1f__seed42
WAY_CP17,35,0.9883391359041388,0.990204606696194,0.4167243744437994,0.2981312278768395,0.9748736864065636,plate,4,e1f__seed42
WAY_CP20,34,0.9878262544003196,0.9926296610103842,0.4040602979224033,0.2765651819475559,0.9738224166905244,plate,4,e1f__seed42
WAY_CP30,70,0.98687966233955,0.9901634028812067,0.4355485422612608,0.3056702935290799,0.9706125506879774,plate,4,e1f__seed42
WAY_CP33,67,0.9907145948717002,0.993151164345044,0.3698980191440262,0.2525157690347392,0.9801002326339366,plate,4,e1f__seed42
WAY_CP57,34,0.9924384328914444,0.992852229639867,0.3341677364630305,0.2331049384458136,0.984173815548453,plate,4,e1f__seed42
WAY_CP67,33,0.9899377390287198,0.9897292686949076,0.3944418675545563,0.2823085802942483,0.9788695529396618,plate,4,e1f__seed42
WAY_B-2_P16,37,0.993363753176178,0.993656800750722,0.334610467326212,0.2324653720634097,0.985999803764674,plate,5,e1f__seed42
WAY_B-2_P7,38,0.9950763112414358,0.9954835804498796,0.2850833678107798,0.1917804467015945,0.98955592739661,plate,5,e1f__seed42
WAY_BP20,40,0.9903548252422136,0.9906839227818892,0.3763655541734733,0.2762565720536235,0.9792789594139412,plate,5,e1f__seed42
WAY_BP23,39,0.9927349959269872,0.992840585084706,0.329679097691952,0.2302645108651415,0.9845652201131176,plate,5,e1f__seed42
WAY_BP3,37,0.9939669575252724,0.9941319446455696,0.3043929491858355,0.2092489339301879,0.987113687702498,plate,5,e1f__seed42
WAY_CP18,35,0.9836118134934124,0.9889300588711374,0.4882823630787389,0.3391362254327177,0.9637668348176284,plate,5,e1f__seed42
WAY_CP21,34,0.9854245298996742,0.9915457193369628,0.3976205741609847,0.2735660447587171,0.9676744101115932,plate,5,e1f__seed42
WAY_CP24,29,0.9853377376355732,0.9878737345337611,0.4597707270435541,0.3238627807400859,0.9681567284807968,plate,5,e1f__seed42
WAY_CP38,70,0.9922469138758006,0.9938313325446054,0.3351950567795312,0.2321999300583514,0.982487738554154,plate,5,e1f__seed42
WAY_CP44,67,0.9908906417804728,0.9927049663052194,0.3622925447181136,0.2443583073170343,0.9792460435692938,plate,5,e1f__seed42
WAY_CP61,34,0.9919240717935344,0.9950975725524636,0.3342143757906539,0.207131780097643,0.980880178079118,plate,5,e1f__seed42
WAY_CP7,33,0.9901638161190364,0.9916000273600784,0.385635730768774,0.2709669552017361,0.9790863030234432,plate,5,e1f__seed42
WAY_B-1_P12,36,0.9904412871880932,0.9921895100138473,0.4082601051472304,0.2859253382321882,0.9794024368602928,plate,6,e1f__seed42
WAY_B-1_P14,35,0.9928345590227824,0.9928479744026832,0.3495557094614526,0.2290962462094238,0.9851674289993958,plate,6,e1f__seed42
WAY_B-1_P21,28,0.9677168068874415,0.9693885627904102,0.7435517346334236,0.5032353530108489,0.9324456818167048,plate,6,e1f__seed42
WAY_B-1_P24,40,0.9895654172492444,0.9901585080717464,0.4232063731474195,0.2978863633783228,0.9779038344067448,plate,6,e1f__seed42
WAY_B-1_P6,38,0.9917672486758334,0.9918052638023224,0.377956920367924,0.2676384237125793,0.9826450992588348,plate,6,e1f__seed42
WAY_B-2_P2,39,0.9937296577683614,0.9939981639643304,0.3180084871844029,0.2153404496137197,0.9869480516652732,plate,6,e1f__seed42
WAY_BP16,38,0.993671160259309,0.994019724667594,0.3103079321217951,0.2167423953344926,0.9860681744845656,plate,6,e1f__seed42
WAY_CP2,35,0.9909404279950554,0.9930412300091814,0.3530470741473681,0.2470808268996033,0.9804695909425598,plate,6,e1f__seed42
WAY_CP27,66,0.9901140144750098,0.9918686125855964,0.3808045971086359,0.2628668832535672,0.9786731190780136,plate,6,e1f__seed42
WAY_CP39,70,0.9906811617538877,0.992123624620524,0.3722282802179595,0.2637567282662754,0.9796543422734706,plate,6,e1f__seed42
WAY_CP64,34,0.9946121382224252,0.99489618904618,0.2909529683702045,0.2078313233858052,0.9884451428154726,plate,6,e1f__seed42
WAY_CP70,33,0.9919695844525884,0.9927082255574928,0.3471403706018613,0.2276961258396007,0.9832123525054048,plate,6,e1f__seed42
WAY_B-1_P19,35,0.9934111040107364,0.9936913917456848,0.331035542522902,0.2300616505881129,0.986238454640908,plate,7,e1f__seed42
WAY_B-1_P22,36,0.990972430031549,0.9931044094230556,0.3695923001078215,0.2567589707848364,0.9813531949490156,plate,7,e1f__seed42
WAY_B-1_P5,28,0.992792154813004,0.9933427465980398,0.3548708292929194,0.246023829983317,0.9848068454630696,plate,7,e1f__seed42
WAY_B-1_P8,38,0.9921415073643924,0.9927447542237764,0.3667993461350695,0.2571773281027469,0.9835267330159264,plate,7,e1f__seed42
WAY_B-2_P21,39,0.9939235856084202,0.9940634546332658,0.3133703275821659,0.217213112939548,0.9872712281140508,plate,7,e1f__seed42
WAY_B-2_P23,40,0.994748234432794,0.994916770719077,0.2934459987603267,0.2040575111210845,0.9889783642142806,plate,7,e1f__seed42
WAY_BP17,38,0.9922092259478484,0.992565907994555,0.3380189526669307,0.2300984101687641,0.983468066976512,plate,7,e1f__seed42
WAY_CP23,35,0.983628078086974,0.986777511373652,0.4896571142261321,0.3550467742503222,0.9617525705711392,plate,7,e1f__seed42
WAY_CP32,66,0.9908479409970192,0.9926043894214448,0.3723499603069613,0.2612037889639561,0.9803746284634848,plate,7,e1f__seed42
WAY_CP41,70,0.9899065196597232,0.992073384151158,0.3856720453536972,0.2661102162346164,0.9775298435984296,plate,7,e1f__seed42
WAY_CP66,34,0.9827439694260708,0.9840436086284988,0.5180975900046456,0.3663061871708008,0.9636277368723632,plate,7,e1f__seed42
WAY_CP72,33,0.9852467851823692,0.9858957969007602,0.483797780563422,0.3410304274280561,0.9686350977789732,plate,7,e1f__seed42
WAY_B-1_P1,38,0.9920067768953702,0.994091653218374,0.3717541815878568,0.2343747533544895,0.9830413168137742,plate,8,e1f__seed42
WAY_B-1_P10,22,0.9931857501432488,0.9942156179995412,0.340518727091038,0.2303744333966182,0.9856940426367182,plate,8,e1f__seed42
WAY_B-1_P2,35,0.9942802559084408,0.9947615769167732,0.3146824659000192,0.2115037338818579,0.9879256670050508,plate,8,e1f__seed42
WAY_B-1_P23,36,0.9933740931753684,0.9934085602562904,0.3346535588222866,0.2260443595231199,0.9863370478716084,plate,8,e1f__seed42
WAY_B-1_P7,39,0.993206222816006,0.9939378202884932,0.3413910047390419,0.2357134241496744,0.9857084625996272,plate,8,e1f__seed42
WAY_B-2_P11,38,0.9932724047025318,0.9933921323648957,0.3338591425107551,0.220896508775289,0.9859057241690208,plate,8,e1f__seed42
WAY_BP21,38,0.9904373289597482,0.9908545697808856,0.3726690259529984,0.2656354961285942,0.9796512825987028,plate,8,e1f__seed42
WAY_CP25,69,0.9869362593221088,0.990584930545663,0.4388370057862976,0.2993522134148421,0.97173634171074,plate,8,e1f__seed42
WAY_CP37,69,0.9920894796521028,0.9938081438715758,0.3342212171459243,0.2318659156282308,0.983414921694666,plate,8,e1f__seed42
WAY_CP4,35,0.9893245761090635,0.9934996650558712,0.3652590040184272,0.2506921434865701,0.9775794654455124,plate,8,e1f__seed42
WAY_CP69,34,0.9892351939709144,0.9902568348806812,0.4043877043160709,0.2795562931075386,0.9778418998563676,plate,8,e1f__seed42
WAY_CP9,33,0.9741373406051788,0.9776468649421776,0.6117018418911323,0.4242239087675905,0.946255164745076,plate,8,e1f__seed42
WAY_B-1_P11,38,0.9905425512155294,0.9909316568768358,0.3954733416289298,0.2812807410006555,0.9801204312632832,plate,9,e1f__seed42
WAY_B-1_P9,35,0.9921920599230806,0.9936426139422612,0.3602058576302471,0.252819146292955,0.9832584356270488,plate,9,e1f__seed42
WAY_B-2_P1,39,0.9938606390584168,0.994617030129298,0.3096708527610357,0.213096088354136,0.9870026388509556,plate,9,e1f__seed42
WAY_B-2_P10,36,0.9934532390133312,0.9941854950582856,0.3254813425628456,0.2224131321532946,0.986402926013166,plate,9,e1f__seed42
WAY_B-2_P14,38,0.9950603598052236,0.9950869368666267,0.2866720501571057,0.199169030293216,0.9893380729100162,plate,9,e1f__seed42
WAY_BP22,38,0.992681339956633,0.992735758497952,0.3236363081325263,0.2251782714543892,0.9847677149536548,plate,9,e1f__seed42
WAY_CP13,32,0.9869990699313124,0.9900689269823564,0.4335930365899068,0.3021461454944931,0.9701493491363292,plate,9,e1f__seed42
WAY_CP14,32,0.9744922712265456,0.9734996758070368,0.6977078458593429,0.5275720574863376,0.9411358120695812,plate,9,e1f__seed42
WAY_CP26,69,0.9887273541938818,0.990738881891916,0.4093705744274356,0.288848016724643,0.976008524071798,plate,9,e1f__seed42
WAY_CP48,69,0.990179484496038,0.9942893095147476,0.3411253468561728,0.2285133946692527,0.9782960785873908,plate,9,e1f__seed42
WAY_CP51,35,0.99422489766871,0.9947952258892216,0.2983321721970279,0.2069504956142794,0.9878108609451456,plate,9,e1f__seed42
WAY_CP8,34,0.9857753394941796,0.9904699137399258,0.4347904581077885,0.3044262741446782,0.9693447343918852,plate,9,e1f__seed42
WAY_B-1_P3,39,0.99324815781382,0.9933217013311632,0.346582743200296,0.2347844975237399,0.985523714035954,plate,10,e1f__seed42
WAY_B-2_P13,35,0.9951878174722434,0.9951511444983546,0.2792644704411929,0.194243490839367,0.9899641487449476,plate,10,e1f__seed42
WAY_B-2_P15,38,0.9948643583623584,0.9949903765573742,0.2935083099528935,0.2020146919775046,0.9888968822424252,plate,10,e1f__seed42
WAY_B-2_P6,39,0.9919133663424166,0.992019600456526,0.3700754160664029,0.2506460648786934,0.9825918266850118,plate,10,e1f__seed42
WAY_B-2_P8,36,0.9945269601088476,0.9950812389564894,0.2984888784384428,0.197381800651034,0.9884754533942532,plate,10,e1f__seed42
WAY_BP24,38,0.989754584331922,0.990495623409789,0.3931262742433528,0.2788432772097483,0.9782608749640902,plate,10,e1f__seed42
WAY_CP11,33,0.9878832894905972,0.9929145995753684,0.4205638146159672,0.2831925562397535,0.9716328543835232,plate,10,e1f__seed42
WAY_CP31,69,0.9884951307808788,0.9903615630035526,0.4078229129821497,0.2855895600872163,0.9757630843279832,plate,10,e1f__seed42
WAY_CP34,68,0.98717589965435,0.9902512219386445,0.4423399242421836,0.29999059393426,0.9709346263867316,plate,10,e1f__seed42
WAY_CP50,33,0.9949149008320508,0.9954563339433644,0.2772105026873327,0.1917732483656957,0.9894138268809554,plate,10,e1f__seed42
WAY_CP58,35,0.9935258678386576,0.9941214545271962,0.3095431454601681,0.2124020858454359,0.9865427375014632,plate,10,e1f__seed42
WAY_CP60,32,0.9909918666500672,0.991712053284436,0.368625510913568,0.2551600879024652,0.9815124537147176,plate,10,e1f__seed42
WAY_B-1_P4,39,0.9917499697020256,0.992621035523118,0.3789910278834127,0.2534214301224152,0.982654266305834,plate,11,e1f__seed42
WAY_B-2_P17,38,0.993578555661187,0.9937822011838422,0.3278578358585166,0.231048194082057,0.9863357471638252,plate,11,e1f__seed42
WAY_B-2_P22,35,0.995093313299497,0.995808220682438,0.2866335010902981,0.1870227227941709,0.9895475185164156,plate,11,e1f__seed42
WAY_BP13,39,0.987365982595594,0.9877461943825276,0.4439538207441788,0.326913934153513,0.9716111457338084,plate,11,e1f__seed42
WAY_BP15,36,0.9931186412936448,0.9932009312266128,0.3332779085250726,0.2399511248270046,0.9845279108721348,plate,11,e1f__seed42
WAY_BP6,38,0.9886165114664932,0.9888722497761928,0.4166166845119491,0.2955357045904774,0.9755789148433758,plate,11,e1f__seed42
WAY_CP35,69,0.9916201372495492,0.9929036141376396,0.3591409434099494,0.2425507432539462,0.9815269138782904,plate,11,e1f__seed42
WAY_CP40,68,0.9869355642253708,0.98942895826876,0.424771689334058,0.302933832585282,0.9716770330129924,plate,11,e1f__seed42
WAY_CP49,33,0.9930386035568544,0.9939849957451152,0.3239838901210861,0.2142086249278151,0.9855299385678596,plate,11,e1f__seed42
WAY_CP5,31,0.9898882164334912,0.9912902207501484,0.4004802039941423,0.2892494454270317,0.9769418393891244,plate,11,e1f__seed42
WAY_CP52,33,0.9928508647303964,0.9937550088345344,0.3316055216961937,0.2244548721574162,0.9849754595473812,plate,11,e1f__seed42
WAY_CP71,35,0.9932690119550062,0.9935157296314316,0.3192554232573236,0.2204957469236957,0.9861174576406848,plate,11,e1f__seed42
BAH,1492,0.9716930435658038,0.9732495701037848,0.6506371543003124,0.4345225737083955,0.941833287013747,strain,0,e1a__seed20260810
CEK,1484,0.9763449688759076,0.9784438773257352,0.6149340143746442,0.405824483334505,0.9490034003976084,strain,1,e1a__seed20260810
CGD,1465,0.981625116738097,0.9836806434447312,0.5196597903454034,0.348579806036638,0.9619282183212772,strain,2,e1a__seed20260810
DHY210,1479,0.973145457290596,0.9771130927888348,0.6439691921956532,0.4394488175572748,0.94204155247908,strain,3,e1a__seed20260810
EDTA,543,0.9941048849868372,0.9947162902619188,0.3070623160760795,0.2045385941009063,0.987535440536684,compound,0,e1a__seed20260810
Valinomycin,87,0.9939497159025638,0.9942779615038854,0.306207141099641,0.2140803567579469,0.9872511927087422,compound,0,e1a__seed20260810
Geldanamycin,91,0.9944817736768732,0.9949077017784692,0.2952972001536426,0.2070315641879712,0.9881897093922364,compound,1,e1a__seed20260810
Tunicamycin,89,0.992809793430684,0.9939234292036244,0.334855889921312,0.2310940298845981,0.9845628341712918,compound,1,e1a__seed20260810
Water,383,0.9939969275473024,0.9946295033718676,0.3107366359961838,0.2120790275210209,0.9872389399277868,compound,1,e1a__seed20260810
Clotrimazole,91,0.9944883617090554,0.9947141840112944,0.2961964648801313,0.2068893611085466,0.9881090750134812,compound,2,e1a__seed20260810
DMSO,368,0.9948865741778484,0.9952766831298864,0.2867344575191533,0.1970331798741813,0.98913440385662,compound,2,e1a__seed20260810
Trichostatin A,89,0.988408439232989,0.9888980954037055,0.4244161282956157,0.300420685336698,0.9747863486190448,compound,2,e1a__seed20260810
4-Hydroxytamoxifen,91,0.9573613756655722,0.9686312025224162,0.700099814321571,0.4537793699952855,0.9017872041060044,compound,3,e1a__seed20260810
CHX,273,0.992571530120544,0.9949651431368473,0.3422023133826664,0.2264807054500063,0.9843669636021588,compound,3,e1a__seed20260810
Hoechst 33258,89,0.9707445869799473,0.9738784421499364,0.6505505384525023,0.4608074497853942,0.937044181312542,compound,3,e1a__seed20260810
Nystatin dihydrate,93,0.9891669559090206,0.991618463189368,0.3990365428103241,0.2750350628199678,0.9772493344300488,compound,3,e1a__seed20260810
Harmine hydrochloride,89,0.9929862181940148,0.9938312621941984,0.3313424261191576,0.2293212649308227,0.9850140113264232,compound,4,e1a__seed20260810
LY 294002 hydrochloride,93,0.9910274241568894,0.9932869707981428,0.3545948788894297,0.2362669535092459,0.9808817469189484,compound,4,e1a__seed20260810
NaCl,271,0.9926428929005584,0.9932060055867636,0.3428211704261393,0.2279540583477211,0.9845731790951752,compound,4,e1a__seed20260810
Parthenolide,92,0.9842794146309068,0.990609230884638,0.4607669594833742,0.2972668746425513,0.9668090871841666,compound,4,e1a__seed20260810
"(1R, 2S, 5R) - (-) - Menthol",85,0.989383647942224,0.9945458278790036,0.3566875504988746,0.2362984542856884,0.9780844026549812,compound,5,e1a__seed20260810
Cisplatin,269,0.994674814471453,0.9954483937319214,0.2918559475597851,0.1985589575322955,0.988662200935791,compound,5,e1a__seed20260810
Clomiphene citrate,90,0.9937224423733386,0.9945405832536158,0.309953804033013,0.2169572946313356,0.986608984484779,compound,5,e1a__seed20260810
Emodin,93,0.9921235016287588,0.9925394693324122,0.351988301514319,0.2437877003950955,0.9832755016560848,compound,5,e1a__seed20260810
Haloperidol,92,0.9945724638024024,0.9950786276194068,0.2928495232431684,0.2050014084820967,0.9882982103170236,compound,5,e1a__seed20260810
Amiodarone hydrochloride,93,0.9388357514375826,0.9527394128171356,0.8040417458990817,0.5254236831860372,0.8620131813950032,compound,6,e1a__seed20260810
Artemisinin,90,0.9942295435673024,0.9946895921129963,0.2985256957110034,0.2036196638610855,0.9878385267272216,compound,6,e1a__seed20260810
Cyclopiazonic acid,86,0.9462393330537974,0.9477560149932224,0.8649411465418813,0.5801852477933407,0.8695767088789137,compound,6,e1a__seed20260810
Desipramine hydrochloride,92,0.9921325369578394,0.9939904557405156,0.3416488628118548,0.2332542017403575,0.9830309313480752,compound,6,e1a__seed20260810
SDS,268,0.99467869164092,0.9951766562913138,0.2930388270483116,0.2004607361580054,0.9886124163340424,compound,6,e1a__seed20260810
1-10 Phenanthroline monohydrate,165,0.994010233710292,0.9947328026185356,0.3067222050684708,0.2114353151142204,0.9870550543375556,compound,7,e1a__seed20260810
Quality Control,91,0.96767196063226,0.9682772111577934,0.6981872945979586,0.4615228592795418,0.9350229965296672,compound,7,e1a__seed20260810
Rapamycin,267,0.9930736609758246,0.9947631651662874,0.3371408072194569,0.2216419244656343,0.9852213893861828,compound,7,e1a__seed20260810
Wortmannin,88,0.9888571949480632,0.9909025215427884,0.4134537179132865,0.2823703684533244,0.9766951419562891,compound,7,e1a__seed20260810
Nigericin,92,0.9894079004345926,0.991297731007358,0.3954058653221105,0.2727803639980828,0.977475754114352,compound,8,e1a__seed20260810
Nocodazole,90,0.9942378561258488,0.9947464279533488,0.3021311780414796,0.2078418910954923,0.9876151759920992,compound,8,e1a__seed20260810
Sorbitol,267,0.9924284952061824,0.9930278111791708,0.3479238373956378,0.2324382002389459,0.984167374780921,compound,8,e1a__seed20260810
Staurosporine,67,0.9942506335314732,0.9950395524632544,0.3015303197371493,0.2101715522840254,0.9875692270755996,compound,8,e1a__seed20260810
Trifluoperazine dihydrochloride,95,0.9935255704671696,0.9946800345839918,0.3196147382246326,0.2203387242681982,0.9859097634195642,compound,8,e1a__seed20260810
Anisomycin,186,0.993725004330629,0.994219791046658,0.3168765723031077,0.2227881539586205,0.9864618316461534,compound,9,e1a__seed20260810
Brefeldin A,176,0.993779724558862,0.9948599411789372,0.3125718305316249,0.2169991829717874,0.9864750470938608,compound,9,e1a__seed20260810
Dyclonine hydrochloride,64,0.9940006889483056,0.9946264790354048,0.3109904101199592,0.2175257819210993,0.9870158426964564,compound,9,e1a__seed20260810
Oligomycin,92,0.9855687705865092,0.988168020412499,0.4524474172618115,0.314905304188778,0.9678431926382498,compound,9,e1a__seed20260810
U-73122,90,0.9929903964479904,0.9937315786653104,0.3333766599867995,0.231571529773379,0.9851015131556472,compound,9,e1a__seed20260810
15,995,0.9904982281546724,0.9928004689898812,0.3797108785749977,0.2573189878009445,0.9794642834637098,time,0,e1a__seed20260810
30,984,0.9916923960834516,0.9933301326109276,0.3598416063054466,0.2456334207004007,0.9818044169205472,time,1,e1a__seed20260810
60,971,0.990033455272052,0.993057433378446,0.3926641949206294,0.2627241031576253,0.978155629929943,time,2,e1a__seed20260810
90,984,0.9904077246174384,0.99313026718543,0.3803202133113456,0.2573515970850027,0.9790524526645484,time,3,e1a__seed20260810
120,994,0.9911030507238374,0.9926535686691972,0.3673699554927573,0.2532230056641862,0.9807484521761024,time,4,e1a__seed20260810
240,992,0.9845526417851818,0.986240432945602,0.489153910227725,0.3461641832232339,0.9665127647464536,time,5,e1a__seed20260810
BAH,1492,0.9717230817799613,0.9732965828325562,0.6503519039230553,0.4341082588679978,0.9418952116019784,strain,0,e1c__seed20260810
CEK,1484,0.9763574464793988,0.9784196171119176,0.6142810506008618,0.4052073105796202,0.9491216403005098,strain,1,e1c__seed20260810
CGD,1465,0.9815736373253076,0.9836251705000556,0.5203801833871332,0.3490055436198788,0.9618301994948254,strain,2,e1c__seed20260810
DHY210,1479,0.9730881841794572,0.9771161868102896,0.6457447110886378,0.4407251253076382,0.9417704411770096,strain,3,e1c__seed20260810
EDTA,543,0.9941048849868372,0.9947162902619188,0.3070623160760795,0.2045385941009063,0.987535440536684,compound,0,e1c__seed20260810
Valinomycin,87,0.9939497159025638,0.9942779615038854,0.306207141099641,0.2140803567579469,0.9872511927087422,compound,0,e1c__seed20260810
Geldanamycin,91,0.9944817736768732,0.9949077017784692,0.2952972001536426,0.2070315641879712,0.9881897093922364,compound,1,e1c__seed20260810
Tunicamycin,89,0.992809793430684,0.9939234292036244,0.334855889921312,0.2310940298845981,0.9845628341712918,compound,1,e1c__seed20260810
Water,383,0.9939969275473024,0.9946295033718676,0.3107366359961838,0.2120790275210209,0.9872389399277868,compound,1,e1c__seed20260810
Clotrimazole,91,0.9944883617090554,0.9947141840112944,0.2961964648801313,0.2068893611085466,0.9881090750134812,compound,2,e1c__seed20260810
DMSO,368,0.9948865741778484,0.9952766831298864,0.2867344575191533,0.1970331798741813,0.98913440385662,compound,2,e1c__seed20260810
Trichostatin A,89,0.988408439232989,0.9888980954037055,0.4244161282956157,0.300420685336698,0.9747863486190448,compound,2,e1c__seed20260810
4-Hydroxytamoxifen,91,0.9573613756655722,0.9686312025224162,0.700099814321571,0.4537793699952855,0.9017872041060044,compound,3,e1c__seed20260810
CHX,273,0.992571530120544,0.9949651431368473,0.3422023133826664,0.2264807054500063,0.9843669636021588,compound,3,e1c__seed20260810
Hoechst 33258,89,0.9707445869799473,0.9738784421499364,0.6505505384525023,0.4608074497853942,0.937044181312542,compound,3,e1c__seed20260810
Nystatin dihydrate,93,0.9891669559090206,0.991618463189368,0.3990365428103241,0.2750350628199678,0.9772493344300488,compound,3,e1c__seed20260810
Harmine hydrochloride,89,0.9929862181940148,0.9938312621941984,0.3313424261191576,0.2293212649308227,0.9850140113264232,compound,4,e1c__seed20260810
LY 294002 hydrochloride,93,0.9910274241568894,0.9932869707981428,0.3545948788894297,0.2362669535092459,0.9808817469189484,compound,4,e1c__seed20260810
NaCl,271,0.9926428929005584,0.9932060055867636,0.3428211704261393,0.2279540583477211,0.9845731790951752,compound,4,e1c__seed20260810
Parthenolide,92,0.9842794146309068,0.990609230884638,0.4607669594833742,0.2972668746425513,0.9668090871841666,compound,4,e1c__seed20260810
"(1R, 2S, 5R) - (-) - Menthol",85,0.989383647942224,0.9945458278790036,0.3566875504988746,0.2362984542856884,0.9780844026549812,compound,5,e1c__seed20260810
Cisplatin,269,0.994674814471453,0.9954483937319214,0.2918559475597851,0.1985589575322955,0.988662200935791,compound,5,e1c__seed20260810
Clomiphene citrate,90,0.9937224423733386,0.9945405832536158,0.309953804033013,0.2169572946313356,0.986608984484779,compound,5,e1c__seed20260810
Emodin,93,0.9921235016287588,0.9925394693324122,0.351988301514319,0.2437877003950955,0.9832755016560848,compound,5,e1c__seed20260810
Haloperidol,92,0.9945724638024024,0.9950786276194068,0.2928495232431684,0.2050014084820967,0.9882982103170236,compound,5,e1c__seed20260810
Amiodarone hydrochloride,93,0.9388357514375826,0.9527394128171356,0.8040417458990817,0.5254236831860372,0.8620131813950032,compound,6,e1c__seed20260810
Artemisinin,90,0.9942295435673024,0.9946895921129963,0.2985256957110034,0.2036196638610855,0.9878385267272216,compound,6,e1c__seed20260810
Cyclopiazonic acid,86,0.9462393330537974,0.9477560149932224,0.8649411465418813,0.5801852477933407,0.8695767088789137,compound,6,e1c__seed20260810
Desipramine hydrochloride,92,0.9921325369578394,0.9939904557405156,0.3416488628118548,0.2332542017403575,0.9830309313480752,compound,6,e1c__seed20260810
SDS,268,0.99467869164092,0.9951766562913138,0.2930388270483116,0.2004607361580054,0.9886124163340424,compound,6,e1c__seed20260810
1-10 Phenanthroline monohydrate,165,0.994010233710292,0.9947328026185356,0.3067222050684708,0.2114353151142204,0.9870550543375556,compound,7,e1c__seed20260810
Quality Control,91,0.96767196063226,0.9682772111577934,0.6981872945979586,0.4615228592795418,0.9350229965296672,compound,7,e1c__seed20260810
Rapamycin,267,0.9930736609758246,0.9947631651662874,0.3371408072194569,0.2216419244656343,0.9852213893861828,compound,7,e1c__seed20260810
Wortmannin,88,0.9888571949480632,0.9909025215427884,0.4134537179132865,0.2823703684533244,0.9766951419562891,compound,7,e1c__seed20260810
Nigericin,92,0.9894079004345926,0.991297731007358,0.3954058653221105,0.2727803639980828,0.977475754114352,compound,8,e1c__seed20260810
Nocodazole,90,0.9942378561258488,0.9947464279533488,0.3021311780414796,0.2078418910954923,0.9876151759920992,compound,8,e1c__seed20260810
Sorbitol,267,0.9924284952061824,0.9930278111791708,0.3479238373956378,0.2324382002389459,0.984167374780921,compound,8,e1c__seed20260810
Staurosporine,67,0.9942506335314732,0.9950395524632544,0.3015303197371493,0.2101715522840254,0.9875692270755996,compound,8,e1c__seed20260810
Trifluoperazine dihydrochloride,95,0.9935255704671696,0.9946800345839918,0.3196147382246326,0.2203387242681982,0.9859097634195642,compound,8,e1c__seed20260810
Anisomycin,186,0.993725004330629,0.994219791046658,0.3168765723031077,0.2227881539586205,0.9864618316461534,compound,9,e1c__seed20260810
Brefeldin A,176,0.993779724558862,0.9948599411789372,0.3125718305316249,0.2169991829717874,0.9864750470938608,compound,9,e1c__seed20260810
Dyclonine hydrochloride,64,0.9940006889483056,0.9946264790354048,0.3109904101199592,0.2175257819210993,0.9870158426964564,compound,9,e1c__seed20260810
Oligomycin,92,0.9855687705865092,0.988168020412499,0.4524474172618115,0.314905304188778,0.9678431926382498,compound,9,e1c__seed20260810
U-73122,90,0.9929903964479904,0.9937315786653104,0.3333766599867995,0.231571529773379,0.9851015131556472,compound,9,e1c__seed20260810
15,995,0.9905055007750968,0.992816815029456,0.3793497049522182,0.2567100801052209,0.9795018650492558,time,0,e1c__seed20260810
30,984,0.9917476543768988,0.9933657597724832,0.3579919753193857,0.2439193033370164,0.9819617647957158,time,1,e1c__seed20260810
60,971,0.9900791573303654,0.9930419029752016,0.3914383001778253,0.2616214454726921,0.9782824255438548,time,2,e1c__seed20260810
90,984,0.9904478778389008,0.9931957926413612,0.3781441140197042,0.2554018647916453,0.9792527034967234,time,3,e1c__seed20260810
120,994,0.9911313041067238,0.9926623266413316,0.3665768998495059,0.2526267609258518,0.9808275886538036,time,4,e1c__seed20260810
240,992,0.9846654407627196,0.9862690712354536,0.4863449677595529,0.3436419266968117,0.9668895581707472,time,5,e1c__seed20260810
BAH,1492,0.972029184627402,0.9734877208948424,0.6471699839439716,0.4324130472844846,0.9425311351621416,strain,0,e1e__seed20260810
CEK,1484,0.9761871462173572,0.9783193044528256,0.615922224313397,0.4068459576017926,0.9488435591938577,strain,1,e1e__seed20260810
CGD,1465,0.9814243413039058,0.9834335014102722,0.5221772701403768,0.3500447873305654,0.9615674869884678,strain,2,e1e__seed20260810
DHY210,1479,0.9727426219202454,0.9767168919789756,0.6487362430034201,0.4427278219811891,0.9412160556402556,strain,3,e1e__seed20260810
EDTA,543,0.9940934481768255,0.9947491684105164,0.3074596548752185,0.2048059944119631,0.9875013544034345,compound,0,e1e__seed20260810
Valinomycin,87,0.9939166011782936,0.9943162286922732,0.3068590950509792,0.2143093626569093,0.987195883829925,compound,0,e1e__seed20260810
Geldanamycin,91,0.9944825433365284,0.9948962796327976,0.2957894488642507,0.2072536298053001,0.988141197239684,compound,1,e1e__seed20260810
Tunicamycin,89,0.992787442731368,0.9938703463243752,0.3350119751287799,0.2311656623860999,0.9845412186740244,compound,1,e1e__seed20260810
Water,383,0.9939865811220132,0.9945208770572584,0.3109240282077253,0.2122493874510501,0.9872241708787636,compound,1,e1e__seed20260810
Clotrimazole,91,0.9944345601920328,0.9947027416444348,0.2975361179195398,0.2079755271199024,0.988000301678243,compound,2,e1e__seed20260810
DMSO,368,0.9948408880256914,0.9952757144234065,0.2883647909249736,0.19853576952754,0.9890085093467796,compound,2,e1e__seed20260810
Trichostatin A,89,0.9883361124784368,0.988939517152038,0.4257176417761144,0.3012643090812342,0.9746330612524212,compound,2,e1e__seed20260810
4-Hydroxytamoxifen,91,0.956831809591399,0.9684097855224886,0.7040548183536426,0.4563462145571511,0.9005772067132783,compound,3,e1e__seed20260810
CHX,273,0.9925801858703126,0.994985671793322,0.3424141625175457,0.2272020926950356,0.9843418996403271,compound,3,e1e__seed20260810
Hoechst 33258,89,0.9708296298916184,0.9737287655647996,0.6494505262805829,0.4599199258521668,0.9371970793105188,compound,3,e1e__seed20260810
Nystatin dihydrate,93,0.9891015866773372,0.99152415908433,0.4002132741269125,0.2757136937644461,0.9770869705070608,compound,3,e1e__seed20260810
Harmine hydrochloride,89,0.993040578246128,0.9939341904303136,0.3299241279585491,0.2281821150018492,0.9851371672010804,compound,4,e1e__seed20260810
LY 294002 hydrochloride,93,0.9909213545861228,0.9932820536495875,0.3567872466702441,0.2379111998445225,0.9806563395549298,compound,4,e1e__seed20260810
NaCl,271,0.9926373949899314,0.9931762974785387,0.3431120249747457,0.2280798708913816,0.9845502036681272,compound,4,e1e__seed20260810
Parthenolide,92,0.9842003764228806,0.9905541399849402,0.4617214683885895,0.2980549329947201,0.9666739646447796,compound,4,e1e__seed20260810
"(1R, 2S, 5R) - (-) - Menthol",85,0.9893764084549498,0.9943541329169088,0.3572998536197599,0.237185436650084,0.978060719110204,compound,5,e1e__seed20260810
Cisplatin,269,0.9947198174460288,0.9954994946898722,0.2907489798184318,0.1974593165330255,0.988746385089078,compound,5,e1e__seed20260810
Clomiphene citrate,90,0.9936871860289548,0.9945203497898604,0.3107678708720262,0.2174952877865213,0.9865401766160524,compound,5,e1e__seed20260810
Emodin,93,0.9920929564105104,0.992724694827824,0.3525950635876798,0.2441304609896513,0.9832180443562444,compound,5,e1e__seed20260810
Haloperidol,92,0.9945458501864026,0.9950718203403042,0.2935744865346819,0.2055953699859041,0.9882430938355072,compound,5,e1e__seed20260810
Amiodarone hydrochloride,93,0.938839545091731,0.95182764004484,0.8030518774777811,0.5246375717838099,0.8620501101793678,compound,6,e1e__seed20260810
Artemisinin,90,0.9941973908693188,0.9945832963870024,0.2993699210142847,0.2041351076886918,0.9877671765955964,compound,6,e1e__seed20260810
Cyclopiazonic acid,86,0.9462883862782264,0.9476141534279122,0.8641861977439717,0.5791694308775118,0.8695314719513358,compound,6,e1e__seed20260810
Desipramine hydrochloride,92,0.992063698758766,0.9939337657884068,0.3428548382297271,0.2336545302606481,0.9828949019826496,compound,6,e1e__seed20260810
SDS,268,0.9947134984522848,0.9952198237134692,0.2918833294476257,0.1996494848606178,0.9887017636015918,compound,6,e1e__seed20260810
1-10 Phenanthroline monohydrate,165,0.9939969319490148,0.9947467107384192,0.3069078887310428,0.2118677205851276,0.987031244522106,compound,7,e1e__seed20260810
Quality Control,91,0.96749938880734,0.9683485026004826,0.6998252117757664,0.4621749327362464,0.9347145598710452,compound,7,e1e__seed20260810
Rapamycin,267,0.993077592687008,0.9947673088547788,0.3369919122612495,0.2209453859128549,0.9852373915488088,compound,7,e1e__seed20260810
Wortmannin,88,0.9887849901275604,0.990922167139653,0.4146884201240765,0.2832059644912091,0.976556960778074,compound,7,e1e__seed20260810
Nigericin,92,0.9893066733994622,0.9911277347507016,0.3972843346092422,0.2740599158486427,0.9772462259599416,compound,8,e1e__seed20260810
Nocodazole,90,0.9943060770403148,0.994849375974461,0.3001255773440265,0.2062069193423663,0.987777797495342,compound,8,e1e__seed20260810
Sorbitol,267,0.9925097913545003,0.9931174380541546,0.3460081180443285,0.2308798296734211,0.9843482823175372,compound,8,e1e__seed20260810
Staurosporine,67,0.994329879108444,0.9950520635382096,0.2994271795154283,0.2085024348504143,0.9877336737043564,compound,8,e1e__seed20260810
Trifluoperazine dihydrochloride,95,0.9935957929710174,0.99480155337029,0.3176384308879575,0.2189137836034835,0.9860794427919012,compound,8,e1e__seed20260810
Anisomycin,186,0.9937439861277514,0.9943413315953132,0.3166110778925625,0.2224268822150567,0.9864839997103207,compound,9,e1e__seed20260810
Brefeldin A,176,0.9938233504494124,0.9948493961355976,0.311840512856241,0.2165214108180026,0.9865486550236754,compound,9,e1e__seed20260810
Dyclonine hydrochloride,64,0.9940141768509048,0.9945824754182404,0.3109667572524182,0.2175786908422525,0.9870233566612724,compound,9,e1e__seed20260810
Oligomycin,92,0.985437364645418,0.9881459469751596,0.453475213823684,0.3152166638795141,0.967657413254584,compound,9,e1e__seed20260810
U-73122,90,0.9930091788827794,0.9938284118676176,0.3328300108333634,0.2311991919509951,0.9851517344118684,compound,9,e1e__seed20260810
15,995,0.9904613931842076,0.9928512979038052,0.3793255691409487,0.2568548036148039,0.9794870932116356,time,0,e1e__seed20260810
30,984,0.9915009329196058,0.9932941575618874,0.3636344372187142,0.2461681381529281,0.9814478822166484,time,1,e1e__seed20260810
60,971,0.9898452621235148,0.9931174880539329,0.3985712143640862,0.2644320884778237,0.9775958076264808,time,2,e1e__seed20260810
90,984,0.9902724332254916,0.993169362304981,0.381413496801442,0.2568047317752975,0.978910611548969,time,3,e1e__seed20260810
120,994,0.9911898136740186,0.9927406437527736,0.364841785044236,0.2516652738419745,0.9810003738682304,time,4,e1e__seed20260810
240,992,0.9850793711016664,0.986646054671826,0.4797028991032994,0.3391453437620111,0.967765937212392,time,5,e1e__seed20260810
BAH,1492,0.9721404227167468,0.9736739613453484,0.6460150860931517,0.4314033631016608,0.942765108188767,strain,0,e1f__seed20260810
CEK,1484,0.9761469407341578,0.9783276162269274,0.6161791016741806,0.4074696174774744,0.948802035284849,strain,1,e1f__seed20260810
CGD,1465,0.9814159254177004,0.983441524568283,0.5221524906790769,0.3499417776568095,0.9615537019092418,strain,2,e1f__seed20260810
DHY210,1479,0.9729832446351102,0.9768780960807608,0.6433383620593993,0.4389639409024745,0.942107122085654,strain,3,e1f__seed20260810
EDTA,543,0.9940864907755768,0.9947602505432914,0.3075972057618168,0.2047759779984118,0.987490346630996,compound,0,e1f__seed20260810
Valinomycin,87,0.9939435119883772,0.9943419672224773,0.3059912555756259,0.213424501856113,0.9872672792557295,compound,0,e1f__seed20260810
Geldanamycin,91,0.9944726196736824,0.9948499260105376,0.2959646814525402,0.2074237022788739,0.988129973069494,compound,1,e1f__seed20260810
Tunicamycin,89,0.992757983890422,0.9938192501877484,0.3355792704774965,0.2315123096121088,0.9844885729207944,compound,1,e1f__seed20260810
Water,383,0.9939608661831064,0.9944655680839204,0.3116265462001804,0.2127826881130775,0.9871660069064364,compound,1,e1f__seed20260810
Clotrimazole,91,0.9944517794115628,0.9947755725067166,0.2971756626380399,0.2075389549605839,0.988029974534855,compound,2,e1f__seed20260810
DMSO,368,0.994843137012763,0.9952922275767232,0.2881293947604507,0.1982816387427756,0.9890259661928796,compound,2,e1f__seed20260810
Trichostatin A,89,0.9883857873089532,0.9888970364129596,0.4247562158649797,0.3003942057955442,0.974746145902486,compound,2,e1f__seed20260810
4-Hydroxytamoxifen,91,0.9567133749221692,0.9685045856587132,0.7047856665959247,0.4565653781703834,0.900304215405427,compound,3,e1f__seed20260810
CHX,273,0.992596653558807,0.9949715504864988,0.3418456754085848,0.2266758148609267,0.9843958201275648,compound,3,e1f__seed20260810
Hoechst 33258,89,0.9708532249398404,0.97382708801409,0.6490972582258552,0.4596714874762793,0.9372608205729602,compound,3,e1f__seed20260810
Nystatin dihydrate,93,0.9891114946387072,0.9914165246601506,0.4000427834459813,0.2755352814167267,0.977108055300418,compound,3,e1f__seed20260810
Harmine hydrochloride,89,0.9930454102612328,0.993884186571696,0.3298357509498546,0.228251996697887,0.985148479163288,compound,4,e1f__seed20260810
LY 294002 hydrochloride,93,0.9909240253100988,0.993227886856406,0.3567122557791649,0.2379328017392223,0.9806689056016862,compound,4,e1f__seed20260810
NaCl,271,0.9926418678061452,0.9931729653711636,0.3431396369281367,0.228311657038772,0.9845498299686392,compound,4,e1f__seed20260810
Parthenolide,92,0.9841906185981738,0.9906199709524736,0.4617282046531196,0.2979971634707747,0.9666685856286822,compound,4,e1f__seed20260810
"(1R, 2S, 5R) - (-) - Menthol",85,0.9893721989232032,0.9942814233311968,0.357369883352563,0.2373922540261928,0.9780578193097186,compound,5,e1f__seed20260810
Cisplatin,269,0.9947148057539524,0.995467383458513,0.2907998957291752,0.1975641585114752,0.9887411146016024,compound,5,e1f__seed20260810
Clomiphene citrate,90,0.9936748452832568,0.9945091780894012,0.3110120608073097,0.2177204728309959,0.986516871202158,compound,5,e1f__seed20260810
Emodin,93,0.9921081756149452,0.9927074014901012,0.3522624373756797,0.2439071998523852,0.9832510723124764,compound,5,e1f__seed20260810
Haloperidol,92,0.9945317513824664,0.9950932282099576,0.2938229129508015,0.2058617261893146,0.9882246467353992,compound,5,e1f__seed20260810
Amiodarone hydrochloride,93,0.9386752949310588,0.9518402150110358,0.8034713718140125,0.524726768849873,0.8618823295451404,compound,6,e1f__seed20260810
Artemisinin,90,0.994200187415991,0.9945863305659964,0.2992719311018852,0.2039896864879429,0.9877750528941852,compound,6,e1f__seed20260810
Cyclopiazonic acid,86,0.9460882762068886,0.9473301567544912,0.8650395135590284,0.5796553835132615,0.8692420900747017,compound,6,e1f__seed20260810
Desipramine hydrochloride,92,0.9920241494164174,0.9938889414502436,0.3437703287507359,0.2341892873718309,0.9827990238465326,compound,6,e1f__seed20260810
SDS,268,0.9947100767959868,0.9952521646485892,0.2922140033985991,0.1998877472093266,0.9886770726103348,compound,6,e1f__seed20260810
1-10 Phenanthroline monohydrate,165,0.993995811868888,0.9947850893062976,0.3069427232698324,0.2117327073112168,0.987026817870856,compound,7,e1f__seed20260810
Quality Control,91,0.9674496192565892,0.96846657740055,0.7004453471680565,0.4626769861944041,0.9346006470421968,compound,7,e1f__seed20260810
Rapamycin,267,0.9930779624768158,0.9947496044305256,0.3369180248764769,0.221001773061712,0.985244258038434,compound,7,e1f__seed20260810
Wortmannin,88,0.9887583770325006,0.9909131334456128,0.4150939096474038,0.2832575934187299,0.9765073292138996,compound,7,e1f__seed20260810
Nigericin,92,0.9893274451120496,0.9911007110232128,0.3966901039773959,0.2736713333914541,0.9773212103044864,compound,8,e1f__seed20260810
Nocodazole,90,0.994286987722674,0.9948442717382716,0.3006087603431803,0.2066711609047354,0.98773817171711,compound,8,e1f__seed20260810
Sorbitol,267,0.9924864970112643,0.9930859106633444,0.3464921641467866,0.2313033956750568,0.9843028928762424,compound,8,e1f__seed20260810
Staurosporine,67,0.994317277129476,0.995072643411168,0.2996566981483723,0.2086977191471593,0.9877150517061444,compound,8,e1f__seed20260810
Trifluoperazine dihydrochloride,95,0.993588571370776,0.9947622756897184,0.317962363606467,0.2190854348454251,0.9860531914390056,compound,8,e1f__seed20260810
Anisomycin,186,0.9937224297602832,0.994272778493828,0.3171685981289272,0.2228532773658601,0.9864400594689456,compound,9,e1f__seed20260810
Brefeldin A,176,0.9937989782456036,0.9948582952516568,0.312472884400896,0.2169597659444782,0.9864965274758138,compound,9,e1f__seed20260810
Dyclonine hydrochloride,64,0.9939835478065402,0.9945162847535202,0.31167520369573,0.2180488025699689,0.9869637439238236,compound,9,e1f__seed20260810
Oligomycin,92,0.9854546951558618,0.9880579650240408,0.4534668188368924,0.3153878705968083,0.967681477974056,compound,9,e1f__seed20260810
U-73122,90,0.9929685068119284,0.99374895042311,0.3339041179319746,0.2319765691636234,0.985057620560442,compound,9,e1f__seed20260810
15,995,0.9901868509268732,0.9925486743375764,0.3842148535979632,0.2604999973391155,0.9789555044313214,time,0,e1f__seed20260810
30,984,0.9915198792321754,0.9932060862344508,0.3616096773747796,0.245819620304745,0.9815913068397888,time,1,e1f__seed20260810
60,971,0.9899686542187216,0.9931041694057104,0.3934348085046503,0.2626181191341459,0.97803694875701,time,2,e1f__seed20260810
90,984,0.990307711002836,0.9930566870862396,0.3798601209779541,0.2561186937718733,0.9790433637544554,time,3,e1f__seed20260810
120,994,0.9908352197787372,0.9926494088477584,0.371820606235957,0.256105409111453,0.9803023238856434,time,4,e1f__seed20260810
240,992,0.9843046238363587,0.9861876764743684,0.4913805377369707,0.3466384185706864,0.966154821538848,time,5,e1f__seed20260810
WAY_B-1_P17,40,0.9936595897600896,0.9936770730602243,0.3432337183248481,0.2401185457055718,0.9857349246171144,plate,0,e1a_rng_matched_ef__seed20260810
WAY_B-1_P20,38,0.9952395595984286,0.9953612629737522,0.2870099222111728,0.201189351761363,0.9898520558908898,plate,0,e1a_rng_matched_ef__seed20260810
WAY_B-2_P19,39,0.993630254814041,0.993650523082552,0.3262760866990712,0.2200466993747466,0.9864991068978584,plate,0,e1a_rng_matched_ef__seed20260810
WAY_BP12,38,0.9923380175203256,0.9923876557593894,0.346160248778666,0.253344182137281,0.9833660162146416,plate,0,e1a_rng_matched_ef__seed20260810
WAY_BP18,37,0.9876068191070184,0.987838235442165,0.4460764148825097,0.3311097489573377,0.9720560920744992,plate,0,e1a_rng_matched_ef__seed20260810
WAY_CP1,34,0.9901178220072816,0.9913131050703798,0.3969007843025557,0.2791338106785423,0.978275881551789,plate,0,e1a_rng_matched_ef__seed20260810
WAY_CP10,35,0.9903541403117232,0.9932710727672088,0.353137250416125,0.240609136848954,0.979706760049468,plate,0,e1a_rng_matched_ef__seed20260810
WAY_CP22,34,0.986262853473872,0.9882239642338392,0.4352310072398002,0.3000933677202794,0.9708677000141296,plate,0,e1a_rng_matched_ef__seed20260810
WAY_CP36,71,0.9798223462956848,0.981891868684782,0.5616827098290206,0.408582923870746,0.9548444817176804,plate,0,e1a_rng_matched_ef__seed20260810
WAY_CP43,65,0.991172351757536,0.9938097596572708,0.3517655720343434,0.2359168443579158,0.9808806276197062,plate,0,e1a_rng_matched_ef__seed20260810
WAY_CP54,33,0.989023156962868,0.9893663730826734,0.4063019956374114,0.2953299458055682,0.9770919835504692,plate,0,e1a_rng_matched_ef__seed20260810
WAY_CP6,31,0.9875152586853568,0.9902563303949116,0.4286920020541889,0.3002799198583208,0.97174011210171,plate,0,e1a_rng_matched_ef__seed20260810
WAY_B-1_P15,40,0.9939964537082832,0.9940416106303824,0.3221198580597604,0.2110819259332687,0.987358171868958,plate,1,e1a_rng_matched_ef__seed20260810
WAY_B-1_P18,38,0.9854963869189356,0.9861342550190978,0.4905670398348395,0.3594786531504383,0.9704231071985284,plate,1,e1a_rng_matched_ef__seed20260810
WAY_B-2_P18,39,0.9885235351090972,0.9891216403680304,0.4355547924511386,0.3167761205683457,0.9758391795240754,plate,1,e1a_rng_matched_ef__seed20260810
WAY_BP1,37,0.9947577700386512,0.9951217547140068,0.2777355113076795,0.1910795123763116,0.9890838686831996,plate,1,e1a_rng_matched_ef__seed20260810
WAY_BP10,38,0.9939667686131428,0.9939155901161774,0.2983900071819236,0.2083372992973954,0.9872267789913666,plate,1,e1a_rng_matched_ef__seed20260810
WAY_BP8,36,0.9925741731479631,0.9926436751419184,0.3267676921259392,0.225689657834422,0.9846074718243925,plate,1,e1a_rng_matched_ef__seed20260810
WAY_CP12,34,0.9856696609902722,0.9901642546826476,0.4401644909436962,0.3040925382787018,0.9670982855443588,plate,1,e1a_rng_matched_ef__seed20260810
WAY_CP3,34,0.9889569964760808,0.9922275571307436,0.372236738820892,0.2558322304198678,0.9762892951354932,plate,1,e1a_rng_matched_ef__seed20260810
WAY_CP45,64,0.9888587663248678,0.9935138526217088,0.3851766072199482,0.2593531232365126,0.9752209559804328,plate,1,e1a_rng_matched_ef__seed20260810
WAY_CP46,71,0.9927840519299772,0.9947969701990864,0.3174691737364775,0.212335123268725,0.9829218294916556,plate,1,e1a_rng_matched_ef__seed20260810
WAY_CP55,33,0.9764187699860812,0.9776530285683964,0.5871039728341877,0.4050023625406841,0.951432357601862,plate,1,e1a_rng_matched_ef__seed20260810
WAY_CP62,31,0.99431292617649,0.9948462185377608,0.3019495447232385,0.2070073503699688,0.9874233617822878,plate,1,e1a_rng_matched_ef__seed20260810
WAY_B-1_P13,40,0.9926383598184808,0.9927795997773404,0.3524367124214874,0.2277179179714683,0.9848301309568304,plate,2,e1a_rng_matched_ef__seed20260810
WAY_B-1_P16,38,0.9942262578400732,0.9945470443153348,0.3140742053735613,0.2143714009644488,0.9880516861695716,plate,2,e1a_rng_matched_ef__seed20260810
WAY_B-2_P12,39,0.9918304007766574,0.9918759534186982,0.3653626883656502,0.2561178307320727,0.982919776849263,plate,2,e1a_rng_matched_ef__seed20260810
WAY_B-2_P5,37,0.994423098387597,0.9945877092023032,0.3053457032995402,0.2072761682702368,0.9883586289569792,plate,2,e1a_rng_matched_ef__seed20260810
WAY_B-2_P9,38,0.9922175071052516,0.9929333759151404,0.3508507583543707,0.2403053585309568,0.9837900649038254,plate,2,e1a_rng_matched_ef__seed20260810
WAY_BP5,36,0.9905602501239774,0.9908081801529298,0.3770830076067797,0.2651059253133749,0.9801474624564296,plate,2,e1a_rng_matched_ef__seed20260810
WAY_CP19,35,0.977651321156746,0.9770329077931496,0.5603260908334489,0.4047708670695749,0.9520704486146988,plate,2,e1a_rng_matched_ef__seed20260810
WAY_CP42,63,0.9856475056056476,0.9893275745627924,0.4531377567568974,0.3141962304358761,0.9686223347145408,plate,2,e1a_rng_matched_ef__seed20260810
WAY_CP47,71,0.9934458609712884,0.9958699291969632,0.3004224690438464,0.1973103619037154,0.985046357987779,plate,2,e1a_rng_matched_ef__seed20260810
WAY_CP53,34,0.9926851653626,0.9930256252993854,0.3359559046496699,0.2393747368940533,0.98437963071434,plate,2,e1a_rng_matched_ef__seed20260810
WAY_CP59,33,0.9906693049601027,0.991851478597301,0.3725351591798075,0.2445999940179952,0.9802668908662104,plate,2,e1a_rng_matched_ef__seed20260810
WAY_CP63,31,0.9940748104021097,0.9945627461843066,0.2996823379153481,0.2020456272484928,0.9877607217866984,plate,2,e1a_rng_matched_ef__seed20260810
WAY_B-2_P20,38,0.9956458782453472,0.9957134368227036,0.2688478107172717,0.1870058802862745,0.9905933706029086,plate,3,e1a_rng_matched_ef__seed20260810
WAY_B-2_P4,40,0.9930809076077038,0.9932634660508908,0.3399999499353142,0.2348032589063953,0.9853946504680828,plate,3,e1a_rng_matched_ef__seed20260810
WAY_BP14,39,0.9923214017478248,0.9927253264118576,0.3362461565504307,0.2366935122355362,0.9838463377312756,plate,3,e1a_rng_matched_ef__seed20260810
WAY_BP2,36,0.9944355846433636,0.9946211502595284,0.2862079933070418,0.1961122626070766,0.9883665340216244,plate,3,e1a_rng_matched_ef__seed20260810
WAY_BP7,38,0.9942684266096836,0.994307812704082,0.2987300791537751,0.2108464343190345,0.9874808878267148,plate,3,e1a_rng_matched_ef__seed20260810
WAY_CP15,34,0.9625956840586164,0.9648548862815872,0.8881879934864091,0.6937893993772799,0.901668404262178,plate,3,e1a_rng_matched_ef__seed20260810
WAY_CP16,35,0.9701162677860408,0.9744175112584254,0.7667751588092321,0.5768668083708192,0.9270430135935864,plate,3,e1a_rng_matched_ef__seed20260810
WAY_CP28,70,0.9913538069688872,0.9927760576397628,0.3605541588758942,0.2517203264172166,0.9810688482206528,plate,3,e1a_rng_matched_ef__seed20260810
WAY_CP29,67,0.9834482149027144,0.9861892730312712,0.4855288665657597,0.353373836879054,0.9644191384071736,plate,3,e1a_rng_matched_ef__seed20260810
WAY_CP56,34,0.9920782869114472,0.9921748113519344,0.3464473792067055,0.2409766854348516,0.9831957133357756,plate,3,e1a_rng_matched_ef__seed20260810
WAY_CP65,33,0.9931317088720316,0.993833288721074,0.3258437454763292,0.2325550843412329,0.985354428135246,plate,3,e1a_rng_matched_ef__seed20260810
WAY_CP68,31,0.991142178520366,0.9916484554218568,0.360319047244393,0.2461204357142387,0.9818848797640448,plate,3,e1a_rng_matched_ef__seed20260810
WAY_B-2_P24,38,0.9921494376559516,0.992576395470631,0.3604783097888313,0.2503930210302038,0.98355261730493,plate,4,e1a_rng_matched_ef__seed20260810
WAY_B-2_P3,29,0.9941016533179536,0.9946385701621128,0.3131481593250537,0.2129756802943349,0.9875066627750732,plate,4,e1a_rng_matched_ef__seed20260810
WAY_BP11,40,0.9946280223583066,0.9947016173455592,0.2926399099216385,0.2083056594477163,0.9879793606303426,plate,4,e1a_rng_matched_ef__seed20260810
WAY_BP19,39,0.99243353089632,0.9925759185809075,0.3370039303348738,0.2343361793853059,0.9840094523880086,plate,4,e1a_rng_matched_ef__seed20260810
WAY_BP4,36,0.9725604427218224,0.9716932966104448,0.5964507036042161,0.4297381931247219,0.9442140355721508,plate,4,e1a_rng_matched_ef__seed20260810
WAY_BP9,38,0.994707030114256,0.9949903291471348,0.287454768998728,0.2040134809394784,0.9884908391135492,plate,4,e1a_rng_matched_ef__seed20260810
WAY_CP17,35,0.9900836465742692,0.9922929712524272,0.3818334071083875,0.2696386938335215,0.978261972349556,plate,4,e1a_rng_matched_ef__seed20260810
WAY_CP20,34,0.9872708261368784,0.9926160601233442,0.4039272437581132,0.2742182011006493,0.9726244952539724,plate,4,e1a_rng_matched_ef__seed20260810
WAY_CP30,70,0.9870764614272092,0.9903892221694908,0.4318418707292434,0.3005596636255047,0.9709731170825618,plate,4,e1a_rng_matched_ef__seed20260810
WAY_CP33,67,0.990111821593162,0.9918381151194664,0.3830057520596734,0.2599452090177551,0.9791743674612214,plate,4,e1a_rng_matched_ef__seed20260810
WAY_CP57,34,0.9926696912576968,0.9932522133351748,0.3282452011414384,0.2280889494784126,0.9847012468704738,plate,4,e1a_rng_matched_ef__seed20260810
WAY_CP67,33,0.9895375302057524,0.98940636862741,0.4042645938555533,0.2872562679270842,0.9778116116931612,plate,4,e1a_rng_matched_ef__seed20260810
WAY_B-2_P16,37,0.9932586269289972,0.9935125351527356,0.3358211632293724,0.2327809431771326,0.985901667053825,plate,5,e1a_rng_matched_ef__seed20260810
WAY_B-2_P7,38,0.9947489454128896,0.9949785005926997,0.294254628358798,0.1959136348124362,0.9888733502485672,plate,5,e1a_rng_matched_ef__seed20260810
WAY_BP20,40,0.9909674437366004,0.991271539262964,0.3667831273393346,0.2690889905483414,0.9803256372537944,plate,5,e1a_rng_matched_ef__seed20260810
WAY_BP23,39,0.9929217425906112,0.9929373740180888,0.3266522152087929,0.2275337979831956,0.9848466272496632,plate,5,e1a_rng_matched_ef__seed20260810
WAY_BP3,37,0.9940756628212768,0.9943478557444148,0.3033594995706682,0.2106222654731897,0.9872016387307938,plate,5,e1a_rng_matched_ef__seed20260810
WAY_CP18,35,0.9846252836143136,0.9885304136078124,0.4732161060298143,0.3318263734707642,0.9665917828941484,plate,5,e1a_rng_matched_ef__seed20260810
WAY_CP21,34,0.9865183124248794,0.9919329305535114,0.3940931877705177,0.2692239234058229,0.9693731023291864,plate,5,e1a_rng_matched_ef__seed20260810
WAY_CP24,29,0.9833834486913816,0.9852102369832264,0.4920574984286061,0.3468734960396069,0.9646533024028828,plate,5,e1a_rng_matched_ef__seed20260810
WAY_CP38,70,0.991999071985432,0.9936972511430424,0.3374285511452981,0.2320916733539249,0.9822641492209576,plate,5,e1a_rng_matched_ef__seed20260810
WAY_CP44,67,0.990987353766254,0.9927433339123908,0.3588597464215982,0.237021939214639,0.9794722255779816,plate,5,e1a_rng_matched_ef__seed20260810
WAY_CP61,34,0.9918302676233886,0.9950209724701062,0.3348397922366526,0.2090478980875764,0.9808990445950408,plate,5,e1a_rng_matched_ef__seed20260810
WAY_CP7,33,0.9894698248842966,0.9921352283984368,0.409836824925241,0.2792514590378259,0.976278801805778,plate,5,e1a_rng_matched_ef__seed20260810
WAY_B-1_P12,36,0.9905770793978615,0.9922383539561924,0.3999173121469368,0.2746689447173549,0.980204310031314,plate,6,e1a_rng_matched_ef__seed20260810
WAY_B-1_P14,35,0.9931532647706156,0.9931467743906376,0.3416549206257921,0.2277142955887592,0.9858075681367312,plate,6,e1a_rng_matched_ef__seed20260810
WAY_B-1_P21,28,0.9678094656701532,0.969892968234509,0.741162533150239,0.501186753121318,0.932839711630306,plate,6,e1a_rng_matched_ef__seed20260810
WAY_B-1_P24,40,0.989423334877411,0.9897607553014796,0.4257228795390522,0.3003459299582769,0.9776456271300836,plate,6,e1a_rng_matched_ef__seed20260810
WAY_B-1_P6,38,0.9913238851958662,0.9914727209804703,0.3849735478409946,0.2704238676937916,0.9819911506443052,plate,6,e1a_rng_matched_ef__seed20260810
WAY_B-2_P2,39,0.993038102092381,0.99327543960743,0.3342837656408985,0.2249180729628268,0.9855892714317644,plate,6,e1a_rng_matched_ef__seed20260810
WAY_BP16,38,0.993382549727122,0.9937066485164928,0.315258113996311,0.2170158210492923,0.985613839618046,plate,6,e1a_rng_matched_ef__seed20260810
WAY_CP2,35,0.990152477044693,0.9926041034950968,0.3645351098581108,0.2543735744948029,0.9785296491643904,plate,6,e1a_rng_matched_ef__seed20260810
WAY_CP27,66,0.9895886549152176,0.9916645522668548,0.3851617310695139,0.2639297074125314,0.9772958716118032,plate,6,e1a_rng_matched_ef__seed20260810
WAY_CP39,70,0.99133842257172,0.993054604066933,0.3577881089955833,0.2511350851865707,0.9808065293003184,plate,6,e1a_rng_matched_ef__seed20260810
WAY_CP64,34,0.99426380257904,0.9946542608060688,0.3011492338249424,0.2157772425366881,0.9876165623454084,plate,6,e1a_rng_matched_ef__seed20260810
WAY_CP70,33,0.9912700037864228,0.9920375197710792,0.3603302635586275,0.2398670023218422,0.9819104548094432,plate,6,e1a_rng_matched_ef__seed20260810
WAY_B-1_P19,35,0.9936151081710438,0.9938896457352668,0.3261132331297364,0.2288159534334778,0.9866445080370194,plate,7,e1a_rng_matched_ef__seed20260810
WAY_B-1_P22,36,0.9909449152710552,0.9931973547379432,0.3719458045234158,0.258920798038714,0.981097495453502,plate,7,e1a_rng_matched_ef__seed20260810
WAY_B-1_P5,28,0.992631369457176,0.9932373548898974,0.3602234796819009,0.2509635644419822,0.9843529861610651,plate,7,e1a_rng_matched_ef__seed20260810
WAY_B-1_P8,38,0.992430631682418,0.9930497189027024,0.3609689111902509,0.2519272943775342,0.984074902926627,plate,7,e1a_rng_matched_ef__seed20260810
WAY_B-2_P21,39,0.9937989702768868,0.9940349149999356,0.316593175222588,0.2198608516837154,0.987017821407625,plate,7,e1a_rng_matched_ef__seed20260810
WAY_B-2_P23,40,0.99497643308959,0.995105136422812,0.2882102229406209,0.1989614197988927,0.9893653803850436,plate,7,e1a_rng_matched_ef__seed20260810
WAY_BP17,38,0.9929978619969956,0.9934268946329372,0.3226136953617204,0.2183205862138398,0.9849307373995831,plate,7,e1a_rng_matched_ef__seed20260810
WAY_CP23,35,0.985721013212892,0.9883621766044356,0.449600973062257,0.3238786483209009,0.967810457942445,plate,7,e1a_rng_matched_ef__seed20260810
WAY_CP32,66,0.9911329614389882,0.9925395720972918,0.3677081963386716,0.2597924863169559,0.981034157018632,plate,7,e1a_rng_matched_ef__seed20260810
WAY_CP41,70,0.990118924016689,0.9923905779681516,0.3788931536037274,0.2614996471595425,0.9784990100951868,plate,7,e1a_rng_matched_ef__seed20260810
WAY_CP66,34,0.9824463252028266,0.9833492304438898,0.5227690286373451,0.3718360421810617,0.9630115571753916,plate,7,e1a_rng_matched_ef__seed20260810
WAY_CP72,33,0.9855715488204188,0.9864953984393344,0.4769745104025792,0.3330313312719528,0.969493580591275,plate,7,e1a_rng_matched_ef__seed20260810
WAY_B-1_P1,38,0.9918583767408244,0.9936083085526644,0.3723562035139574,0.2341984775071127,0.9829963291769924,plate,8,e1a_rng_matched_ef__seed20260810
WAY_B-1_P10,22,0.992957048803497,0.99380597949851,0.3444324320081526,0.237795246638979,0.9853650823790644,plate,8,e1a_rng_matched_ef__seed20260810
WAY_B-1_P2,35,0.994234792395404,0.99451914530883,0.3166470448348469,0.2140006317381143,0.9877886966948208,plate,8,e1a_rng_matched_ef__seed20260810
WAY_B-1_P23,36,0.9930950013479152,0.9930919825006378,0.3412020150712885,0.2318025587187382,0.9858032953547138,plate,8,e1a_rng_matched_ef__seed20260810
WAY_B-1_P7,39,0.9934641344421864,0.9940294447188024,0.334346060956466,0.2318523681470815,0.9862922150355038,plate,8,e1a_rng_matched_ef__seed20260810
WAY_B-2_P11,38,0.9929182899637216,0.9928691450818878,0.3425245879561517,0.2290147718398724,0.9851692312378396,plate,8,e1a_rng_matched_ef__seed20260810
WAY_BP21,38,0.9899629873143432,0.990636731744371,0.38456535435862,0.2779995737767547,0.9783064516733954,plate,8,e1a_rng_matched_ef__seed20260810
WAY_CP25,69,0.9874522372615137,0.9908029718104506,0.4304923389350631,0.2913312477925341,0.9729037874354648,plate,8,e1a_rng_matched_ef__seed20260810
WAY_CP37,69,0.9920158962892708,0.9937689144203732,0.3371388009481838,0.2341955439737272,0.9831690134708984,plate,8,e1a_rng_matched_ef__seed20260810
WAY_CP4,35,0.9889505071715864,0.9934348505162482,0.3677637120153565,0.251932780969941,0.9766773923054696,plate,8,e1a_rng_matched_ef__seed20260810
WAY_CP69,34,0.9905722669523316,0.9911059500658234,0.3798709569526464,0.2615030905495316,0.980431585666471,plate,8,e1a_rng_matched_ef__seed20260810
WAY_CP9,33,0.9744232664246916,0.97757488057941,0.6100676065233551,0.4224512416712105,0.9465632088786922,plate,8,e1a_rng_matched_ef__seed20260810
WAY_B-1_P11,38,0.9906290477287596,0.9913120490988426,0.3949694388598824,0.2834806644157706,0.980115296446565,plate,9,e1a_rng_matched_ef__seed20260810
WAY_B-1_P9,35,0.9918781932093552,0.9930629256177836,0.3645769379223927,0.2592304555763168,0.9828539856807588,plate,9,e1a_rng_matched_ef__seed20260810
WAY_B-2_P1,39,0.994093093709267,0.9947587185571598,0.3033849445461263,0.2070780046707868,0.9874988653202442,plate,9,e1a_rng_matched_ef__seed20260810
WAY_B-2_P10,36,0.993737852545354,0.9943577783062434,0.3202831560499079,0.2220145115376066,0.9868260003205256,plate,9,e1a_rng_matched_ef__seed20260810
WAY_B-2_P14,38,0.9953439769943454,0.9953290903447832,0.2797329852168819,0.1956118160430471,0.9898448660689008,plate,9,e1a_rng_matched_ef__seed20260810
WAY_BP22,38,0.9929687622370512,0.9930457306888072,0.321636567419703,0.2259122767257499,0.984953520554106,plate,9,e1a_rng_matched_ef__seed20260810
WAY_CP13,32,0.9868452727562902,0.9886228155663368,0.4455113888594278,0.3175958746136725,0.97018283251818,plate,9,e1a_rng_matched_ef__seed20260810
WAY_CP14,32,0.9736788478049409,0.973109520201056,0.7061785803938688,0.528545974511318,0.9395333092425066,plate,9,e1a_rng_matched_ef__seed20260810
WAY_CP26,69,0.989553861586394,0.9913070370467,0.3951546970647412,0.2774098885222621,0.9775676126426468,plate,9,e1a_rng_matched_ef__seed20260810
WAY_CP48,69,0.989927740364958,0.9942375261952904,0.3487610038863359,0.2323219309282694,0.9772522506241348,plate,9,e1a_rng_matched_ef__seed20260810
WAY_CP51,35,0.9942309950477148,0.9949113779611268,0.2974000526356946,0.2041549907797872,0.9878789464991068,plate,9,e1a_rng_matched_ef__seed20260810
WAY_CP8,34,0.98499737653141,0.9896566071591758,0.4470181447303996,0.3133603806739092,0.9677742969992108,plate,9,e1a_rng_matched_ef__seed20260810
WAY_B-1_P3,39,0.993600260206412,0.993777180586549,0.3361492493522068,0.2263534262389434,0.9863731479767188,plate,10,e1a_rng_matched_ef__seed20260810
WAY_B-2_P13,35,0.9946940257642746,0.994570676393582,0.2944860311737974,0.2053120747908825,0.9888439253271972,plate,10,e1a_rng_matched_ef__seed20260810
WAY_B-2_P15,38,0.994841793836538,0.9950228829646134,0.296518096182947,0.2059414360062282,0.9886800727939312,plate,10,e1a_rng_matched_ef__seed20260810
WAY_B-2_P6,39,0.99200868963063,0.9922982990963084,0.3641894556132447,0.2468879089246683,0.9831392198393976,plate,10,e1a_rng_matched_ef__seed20260810
WAY_B-2_P8,36,0.994630035320568,0.9953106507317916,0.2969737601508675,0.1963834759037631,0.9885957772445088,plate,10,e1a_rng_matched_ef__seed20260810
WAY_BP24,38,0.9895850317339412,0.9902198997086826,0.4012278272036337,0.2853861641351241,0.9773594614992736,plate,10,e1a_rng_matched_ef__seed20260810
WAY_CP11,33,0.9892699560162436,0.9933092237966435,0.3886377406938297,0.2663951948568113,0.976389318497544,plate,10,e1a_rng_matched_ef__seed20260810
WAY_CP31,69,0.98980833330068,0.9916155880255496,0.3815540603765029,0.2655134281307742,0.9784492468794572,plate,10,e1a_rng_matched_ef__seed20260810
WAY_CP34,68,0.9884130741824292,0.9911719469548542,0.4164681984935077,0.2849620411535035,0.9740344964695572,plate,10,e1a_rng_matched_ef__seed20260810
WAY_CP50,33,0.9948320843742474,0.9953768445042424,0.2794470570461278,0.1926883402340286,0.989242729758356,plate,10,e1a_rng_matched_ef__seed20260810
WAY_CP58,35,0.9934837330194526,0.9943045913181924,0.3109898650039021,0.2128876239174476,0.9863999597539724,plate,10,e1a_rng_matched_ef__seed20260810
WAY_CP60,32,0.9907942917617428,0.991535689708552,0.3732068088639342,0.2593724846897405,0.9810357478226768,plate,10,e1a_rng_matched_ef__seed20260810
WAY_B-1_P4,39,0.9916974538480264,0.9927270370770348,0.3783047924151365,0.2532148506322105,0.9827144076630946,plate,11,e1a_rng_matched_ef__seed20260810
WAY_B-2_P17,38,0.9938822928950506,0.994316423490019,0.3209443244488187,0.2274014778320983,0.9869057131676842,plate,11,e1a_rng_matched_ef__seed20260810
WAY_B-2_P22,35,0.995440719310808,0.9959092558899656,0.2760352456994124,0.1805740577795004,0.9903003811259546,plate,11,e1a_rng_matched_ef__seed20260810
WAY_BP13,39,0.9883965141815876,0.988622044970067,0.4194052463464132,0.3056738993398229,0.9746566320607432,plate,11,e1a_rng_matched_ef__seed20260810
WAY_BP15,36,0.9938453709134144,0.9940333253944902,0.3164557137017362,0.2265083124005514,0.9860400092128552,plate,11,e1a_rng_matched_ef__seed20260810
WAY_BP6,38,0.98898244893983,0.989110766869327,0.4160876216243475,0.2992002971025341,0.9756222444154088,plate,11,e1a_rng_matched_ef__seed20260810
WAY_CP35,69,0.9914086567550744,0.992710307624816,0.3608531159733192,0.244018057021382,0.981707153136041,plate,11,e1a_rng_matched_ef__seed20260810
WAY_CP40,68,0.9866703954582006,0.988893680077344,0.4313300243287108,0.309238694898077,0.9707452247146668,plate,11,e1a_rng_matched_ef__seed20260810
WAY_CP49,33,0.992974868437085,0.993727054568978,0.324698643614834,0.2136710549464434,0.985465106630289,plate,11,e1a_rng_matched_ef__seed20260810
WAY_CP5,31,0.9895280314576452,0.9914975589392284,0.3994319198991646,0.2880346914048956,0.9767016206899928,plate,11,e1a_rng_matched_ef__seed20260810
WAY_CP52,33,0.9929976421552066,0.9941402935738688,0.3274447072916193,0.2224507722732472,0.9853498233968566,plate,11,e1a_rng_matched_ef__seed20260810
WAY_CP71,35,0.9937942303009408,0.9941889079925126,0.3088996882544437,0.2136428010122571,0.9870076261702238,plate,11,e1a_rng_matched_ef__seed20260810
WAY_B-1_P17,40,0.993704841395076,0.9940176192467928,0.3395234952752602,0.2356000320853633,0.986022321490598,plate,0,e1a_rng_matched_ef__seed3407
WAY_B-1_P20,38,0.995084880512399,0.9951944207700628,0.2896986690202294,0.2023487884863769,0.9896492632699272,plate,0,e1a_rng_matched_ef__seed3407
WAY_B-2_P19,39,0.99385004914456,0.9942271611717056,0.3247841527664468,0.2163485903575468,0.9866226143713216,plate,0,e1a_rng_matched_ef__seed3407
WAY_BP12,38,0.991851442699938,0.9918218408699484,0.351886567854986,0.2524895685655969,0.9828008979499654,plate,0,e1a_rng_matched_ef__seed3407
WAY_BP18,37,0.9870923548691216,0.9869419734780096,0.4510072190789194,0.3324232339628707,0.9714399421321804,plate,0,e1a_rng_matched_ef__seed3407
WAY_CP1,34,0.989781623703996,0.9908744795835605,0.4005635171570993,0.282128706059519,0.9778941105779764,plate,0,e1a_rng_matched_ef__seed3407
WAY_CP10,35,0.9903791113632744,0.993496447702284,0.3513804217014875,0.2406622241671026,0.979566443709866,plate,0,e1a_rng_matched_ef__seed3407
WAY_CP22,34,0.98605014239529,0.9881101186227346,0.439059456520517,0.30397156486209,0.970433595428596,plate,0,e1a_rng_matched_ef__seed3407
WAY_CP36,71,0.9809535596732026,0.9832851131664208,0.5427856367391823,0.3913791333873528,0.957714857016924,plate,0,e1a_rng_matched_ef__seed3407
WAY_CP43,65,0.9909292472208152,0.993590673011545,0.3570532521395975,0.23930538638543,0.9804386726478737,plate,0,e1a_rng_matched_ef__seed3407
WAY_CP54,33,0.9886076566044604,0.9890178778664604,0.4131111402931292,0.2996536815133531,0.9763157636219638,plate,0,e1a_rng_matched_ef__seed3407
WAY_CP6,31,0.9879269317803122,0.9903142019742835,0.4195756604295889,0.2947463156091573,0.9728764318493616,plate,0,e1a_rng_matched_ef__seed3407
WAY_B-1_P15,40,0.9940352111951803,0.9941928141747725,0.3201238851257135,0.2115211579713814,0.9875122674785572,plate,1,e1a_rng_matched_ef__seed3407
WAY_B-1_P18,38,0.9877015852548736,0.988232767642397,0.4538201790237607,0.3293867557960033,0.9746872943291252,plate,1,e1a_rng_matched_ef__seed3407
WAY_B-2_P18,39,0.9891356312350162,0.9897309618812884,0.4190627066740939,0.3019565520998293,0.9776401044879648,plate,1,e1a_rng_matched_ef__seed3407
WAY_BP1,37,0.9945328405225798,0.9949520575732974,0.2857995245170344,0.1988855338176399,0.9884448340725356,plate,1,e1a_rng_matched_ef__seed3407
WAY_BP10,38,0.9939268350337144,0.9938218079055696,0.2984617392355578,0.2066419697181089,0.9872204695563048,plate,1,e1a_rng_matched_ef__seed3407
WAY_BP8,36,0.9926622363960238,0.992790262165124,0.3263507384439578,0.2260789795121221,0.984645418315402,plate,1,e1a_rng_matched_ef__seed3407
WAY_CP12,34,0.9849277409675332,0.9895495691698571,0.451163102535502,0.3097729945389332,0.9660707505460044,plate,1,e1a_rng_matched_ef__seed3407
WAY_CP3,34,0.9889564262533176,0.9918157217511872,0.3810939043692341,0.2605073249736907,0.9753504613963928,plate,1,e1a_rng_matched_ef__seed3407
WAY_CP45,64,0.9898414883232558,0.9940439170107128,0.3742714728441698,0.2541109141139316,0.9772833829329348,plate,1,e1a_rng_matched_ef__seed3407
WAY_CP46,71,0.9929652920034432,0.9948192358824222,0.310702889036125,0.2084826290768175,0.9839826810207304,plate,1,e1a_rng_matched_ef__seed3407
WAY_CP55,33,0.9776770059236874,0.9786852335826228,0.5716696722650508,0.3942506650630565,0.9539268453579476,plate,1,e1a_rng_matched_ef__seed3407
WAY_CP62,31,0.993978469050184,0.9947385623377204,0.3108666334395882,0.2131301281969552,0.9866777774694908,plate,1,e1a_rng_matched_ef__seed3407
WAY_B-1_P13,40,0.99214936733805,0.9925326789565864,0.3647885171234761,0.2396580237555913,0.983760426440982,plate,2,e1a_rng_matched_ef__seed3407
WAY_B-1_P16,38,0.9937085518226876,0.9940711892512206,0.3290539909536685,0.2290370453619231,0.9868868590624033,plate,2,e1a_rng_matched_ef__seed3407
WAY_B-2_P12,39,0.9903441082745535,0.9905598809104964,0.3990271064970747,0.2802482385775468,0.9796056775094724,plate,2,e1a_rng_matched_ef__seed3407
WAY_B-2_P5,37,0.9940964119027896,0.994217147061843,0.3130566916315909,0.2151943019507519,0.9877641574384548,plate,2,e1a_rng_matched_ef__seed3407
WAY_B-2_P9,38,0.9916435404129336,0.9924068448340372,0.3631037612537219,0.2473333622454361,0.9826332573990488,plate,2,e1a_rng_matched_ef__seed3407
WAY_BP5,36,0.991879439229985,0.9920515483383968,0.3573985287380102,0.2533526171566265,0.9821705669256529,plate,2,e1a_rng_matched_ef__seed3407
WAY_CP19,35,0.9774000116426584,0.9771356725810416,0.5617684619101918,0.4022961870040685,0.9516560089447044,plate,2,e1a_rng_matched_ef__seed3407
WAY_CP42,63,0.985808271540434,0.9892100004152452,0.4564886104946987,0.3155020770346263,0.9681971011474936,plate,2,e1a_rng_matched_ef__seed3407
WAY_CP47,71,0.9933779180702856,0.9958262617397764,0.2975860326773801,0.1949750789012064,0.9853997407061768,plate,2,e1a_rng_matched_ef__seed3407
WAY_CP53,34,0.9927543281789024,0.993311060325524,0.3336530609025208,0.2393660707860537,0.9845887608520282,plate,2,e1a_rng_matched_ef__seed3407
WAY_CP59,33,0.9907330105887128,0.9922754753050718,0.3715564574701746,0.2455156819471684,0.9803796537477416,plate,2,e1a_rng_matched_ef__seed3407
WAY_CP63,31,0.9939956087680516,0.9945328399623018,0.300671079813167,0.2033988585264593,0.9876795761043206,plate,2,e1a_rng_matched_ef__seed3407
WAY_B-2_P20,38,0.9956097042181268,0.9956634417517553,0.2706218939642547,0.190154660352708,0.9904800565180364,plate,3,e1a_rng_matched_ef__seed3407
WAY_B-2_P4,40,0.9926159702249422,0.993050910875176,0.3491401776495815,0.2406481696941796,0.9845910994450572,plate,3,e1a_rng_matched_ef__seed3407
WAY_BP14,39,0.9921658229693856,0.9924809099663572,0.3386104349653155,0.2353078510844408,0.9836166264644912,plate,3,e1a_rng_matched_ef__seed3407
WAY_BP2,36,0.99418501727627,0.9942050919682576,0.2946823350310207,0.2014751365809413,0.9876788378753276,plate,3,e1a_rng_matched_ef__seed3407
WAY_BP7,38,0.9945984798939204,0.9947327562162932,0.2889576653884778,0.2031949418184856,0.9882869878470116,plate,3,e1a_rng_matched_ef__seed3407
WAY_CP15,34,0.9613469266727276,0.9637559443359006,0.8956070492418322,0.6927880409674891,0.9004757473924939,plate,3,e1a_rng_matched_ef__seed3407
WAY_CP16,35,0.9693611002054568,0.972539999172104,0.7803432518190215,0.588114875017547,0.9252264055898208,plate,3,e1a_rng_matched_ef__seed3407
WAY_CP28,70,0.9909837485958484,0.9926358914060456,0.3683479608367075,0.2576174777513415,0.9802664818707628,plate,3,e1a_rng_matched_ef__seed3407
WAY_CP29,67,0.9837107658803969,0.986675351307991,0.4800088991827114,0.3442419716183439,0.9653658459736626,plate,3,e1a_rng_matched_ef__seed3407
WAY_CP56,34,0.9914227693751326,0.9916433134570244,0.3597062779164082,0.249868659355003,0.9818901278771568,plate,3,e1a_rng_matched_ef__seed3407
WAY_CP65,33,0.9930003274605124,0.9940639531620936,0.3308145253336703,0.2363072157608795,0.9849102578246492,plate,3,e1a_rng_matched_ef__seed3407
WAY_CP68,31,0.991060837179536,0.991646410654324,0.3630874425850129,0.2495073768022586,0.9815924980083038,plate,3,e1a_rng_matched_ef__seed3407
WAY_B-2_P24,38,0.992147887653414,0.992580898198439,0.3609616450625585,0.2514427598203226,0.9835217401031264,plate,4,e1a_rng_matched_ef__seed3407
WAY_B-2_P3,29,0.993973623651492,0.9946664058190744,0.3140451887927767,0.2138105710603579,0.9874359643298,plate,4,e1a_rng_matched_ef__seed3407
WAY_BP11,40,0.9941817643023356,0.9943097074865402,0.3131179382225951,0.2250129603343242,0.9862443886527054,plate,4,e1a_rng_matched_ef__seed3407
WAY_BP19,39,0.9922158086043902,0.9923724848396884,0.3472082670192872,0.2465960357396188,0.9830272265599272,plate,4,e1a_rng_matched_ef__seed3407
WAY_BP4,36,0.972817468716807,0.9718850837463162,0.594912350043241,0.426545748476826,0.9444782196500844,plate,4,e1a_rng_matched_ef__seed3407
WAY_BP9,38,0.9943982748928376,0.9946509899979468,0.2994208876094952,0.2154973177808294,0.98751589089799,plate,4,e1a_rng_matched_ef__seed3407
WAY_CP17,35,0.9898480573225928,0.991699370257812,0.386951735803737,0.2759625008399783,0.977716158683769,plate,4,e1a_rng_matched_ef__seed3407
WAY_CP20,34,0.9876394250364956,0.992134497127687,0.4028625303906755,0.2760178028568623,0.9737949824763442,plate,4,e1a_rng_matched_ef__seed3407
WAY_CP30,70,0.9868821218397054,0.9900007213136186,0.4378952890123255,0.3060742128002016,0.9706332220106136,plate,4,e1a_rng_matched_ef__seed3407
WAY_CP33,67,0.9904756057230876,0.9927884295629016,0.372190709064116,0.2537195652253883,0.9799289666171076,plate,4,e1a_rng_matched_ef__seed3407
WAY_CP57,34,0.9923424687150196,0.9927833150157724,0.3365223921227511,0.2349761479769918,0.9839405524879374,plate,4,e1a_rng_matched_ef__seed3407
WAY_CP67,33,0.9903543954118356,0.9901849895902456,0.3877271047901887,0.2766653863949147,0.9795878003453272,plate,4,e1a_rng_matched_ef__seed3407
WAY_B-2_P16,37,0.993601398516668,0.9936600314673532,0.3276968613899744,0.2262810492017606,0.9865722190137762,plate,5,e1a_rng_matched_ef__seed3407
WAY_B-2_P7,38,0.9947793889781004,0.9950454857804748,0.2982138998358939,0.2009051648185387,0.98857977297911,plate,5,e1a_rng_matched_ef__seed3407
WAY_BP20,40,0.9906978902310992,0.9910585457736782,0.3698191077986758,0.2710295856637654,0.9799962582945814,plate,5,e1a_rng_matched_ef__seed3407
WAY_BP23,39,0.9927100338329362,0.9927820495167736,0.3299888479052226,0.2314635092248276,0.9845316343764816,plate,5,e1a_rng_matched_ef__seed3407
WAY_BP3,37,0.9940213811204132,0.9942696442148828,0.30432774470157,0.2111170892038603,0.9871213189235916,plate,5,e1a_rng_matched_ef__seed3407
WAY_CP18,35,0.984049148467038,0.9884238447888488,0.4878850674555236,0.3384331925871741,0.9648404072259864,plate,5,e1a_rng_matched_ef__seed3407
WAY_CP21,34,0.9849303999939174,0.9924481946209072,0.4018321562301221,0.2711640395756786,0.9643753543917492,plate,5,e1a_rng_matched_ef__seed3407
WAY_CP24,29,0.9846723128328192,0.987139113829513,0.4674232124258727,0.3316352759020778,0.9676437050236544,plate,5,e1a_rng_matched_ef__seed3407
WAY_CP38,70,0.9923512124211497,0.9939358784662076,0.3318650180049482,0.2287705694829208,0.983004177636934,plate,5,e1a_rng_matched_ef__seed3407
WAY_CP44,67,0.9911968881133628,0.9930595275282624,0.3535288406648256,0.2338268827405422,0.9801149334016316,plate,5,e1a_rng_matched_ef__seed3407
WAY_CP61,34,0.9919294242715904,0.9951651719443424,0.3322959625142088,0.2053131977070884,0.9811254434654144,plate,5,e1a_rng_matched_ef__seed3407
WAY_CP7,33,0.9890033310753404,0.9920260024882736,0.4137130105101876,0.2794267687343799,0.9758194975898762,plate,5,e1a_rng_matched_ef__seed3407
WAY_B-1_P12,36,0.990109156533466,0.9914521943300968,0.4085904955898378,0.282051058754156,0.9793609254658032,plate,6,e1a_rng_matched_ef__seed3407
WAY_B-1_P14,35,0.9926946254596576,0.9928629355779928,0.3537291445067517,0.2336487737400138,0.9848091786150858,plate,6,e1a_rng_matched_ef__seed3407
WAY_B-1_P21,28,0.96683111779732,0.9681698458743224,0.7524862247908588,0.5089943245075431,0.930752272444783,plate,6,e1a_rng_matched_ef__seed3407
WAY_B-1_P24,40,0.9901608525038889,0.9906321311262488,0.410536052231547,0.2891328357568387,0.9791414247440138,plate,6,e1a_rng_matched_ef__seed3407
WAY_B-1_P6,38,0.9909903219503212,0.9910407290482594,0.3917958501081267,0.274496269617236,0.9813526368107072,plate,6,e1a_rng_matched_ef__seed3407
WAY_B-2_P2,39,0.993602302405376,0.9937976951793268,0.3208106491455141,0.2159646438593067,0.9867275063644738,plate,6,e1a_rng_matched_ef__seed3407
WAY_BP16,38,0.9934357718425932,0.9936389986690684,0.3173114775693974,0.2209818876259179,0.985428742033901,plate,6,e1a_rng_matched_ef__seed3407
WAY_CP2,35,0.9905334078008304,0.992794404477376,0.3618874633687927,0.2528244580305686,0.9795957545750574,plate,6,e1a_rng_matched_ef__seed3407
WAY_CP27,66,0.990070286161251,0.9921280406890742,0.378730048605001,0.2609441900491693,0.9781829640059672,plate,6,e1a_rng_matched_ef__seed3407
WAY_CP39,70,0.9909731375389588,0.9926352593575446,0.3694557022518221,0.2615046553837066,0.9796603078999334,plate,6,e1a_rng_matched_ef__seed3407
WAY_CP64,34,0.9945751893161432,0.9949073569633956,0.2916145472727436,0.2091893768724903,0.9883932799366376,plate,6,e1a_rng_matched_ef__seed3407
WAY_CP70,33,0.9914943778506186,0.9920557590388532,0.3564716989799363,0.2360041652052913,0.9823029097380318,plate,6,e1a_rng_matched_ef__seed3407
WAY_B-1_P19,35,0.9937639224584336,0.9939260846608052,0.3206045324462118,0.2244689396593402,0.9870784499145584,plate,7,e1a_rng_matched_ef__seed3407
WAY_B-1_P22,36,0.9915080152692416,0.9935531450493146,0.3575612531407011,0.2469333552460721,0.9824400412771216,plate,7,e1a_rng_matched_ef__seed3407
WAY_B-1_P5,28,0.9928348991486768,0.993351560024706,0.3543957924677489,0.2451671231240593,0.9848450185965266,plate,7,e1a_rng_matched_ef__seed3407
WAY_B-1_P8,38,0.9926371648861906,0.9930642382915308,0.3566197123013923,0.2482775305564906,0.9844352456734076,plate,7,e1a_rng_matched_ef__seed3407
WAY_B-2_P21,39,0.9939582794646734,0.9941671652007968,0.3122585596034252,0.2165093367736646,0.9873614571037233,plate,7,e1a_rng_matched_ef__seed3407
WAY_B-2_P23,40,0.994987295041604,0.9950557956584122,0.2871376665972306,0.1984839864817597,0.9894516764078108,plate,7,e1a_rng_matched_ef__seed3407
WAY_BP17,38,0.9924919382104712,0.9928986044336868,0.3349819680713809,0.2321584599842284,0.9837647322351016,plate,7,e1a_rng_matched_ef__seed3407
WAY_CP23,35,0.985089688421666,0.9880383968419812,0.4544455363450324,0.3252471722997601,0.9662425834389085,plate,7,e1a_rng_matched_ef__seed3407
WAY_CP32,66,0.990342918829386,0.9921777814877556,0.3828348549570827,0.2689027050496935,0.9792758293871716,plate,7,e1a_rng_matched_ef__seed3407
WAY_CP41,70,0.9901909665649874,0.9928034248978954,0.3767215298026221,0.2590730005490247,0.9784997575360028,plate,7,e1a_rng_matched_ef__seed3407
WAY_CP66,34,0.9841193342368604,0.9851077731060516,0.4945170307305287,0.3493659727184732,0.966904661209434,plate,7,e1a_rng_matched_ef__seed3407
WAY_CP72,33,0.9864419750706684,0.98733165781849,0.4619672369759671,0.3211838028644376,0.971407410860733,plate,7,e1a_rng_matched_ef__seed3407
WAY_B-1_P1,38,0.9917894569111072,0.993938356489312,0.3741475874135177,0.2335662054043573,0.9828185028515308,plate,8,e1a_rng_matched_ef__seed3407
WAY_B-1_P10,22,0.992931301003356,0.9939653533362248,0.3440172820294981,0.2330340407882318,0.985427815748194,plate,8,e1a_rng_matched_ef__seed3407
WAY_B-1_P2,35,0.9942530880893692,0.9946131051543126,0.3172583247259727,0.2132449688073023,0.9877417174612754,plate,8,e1a_rng_matched_ef__seed3407
WAY_B-1_P23,36,0.993575092838314,0.9937172079808227,0.3289700277760161,0.2200338999780309,0.9868003388592284,plate,8,e1a_rng_matched_ef__seed3407
WAY_B-1_P7,39,0.9930012814721964,0.9938329968114648,0.3453953128950152,0.2389501666124154,0.98537377380081,plate,8,e1a_rng_matched_ef__seed3407
WAY_B-2_P11,38,0.993160030451764,0.9931682355576654,0.3386470335899637,0.2256542980344121,0.9854926486726036,plate,8,e1a_rng_matched_ef__seed3407
WAY_BP21,38,0.9904991763574196,0.991116160353149,0.373276242275937,0.2677491138226289,0.979571070795484,plate,8,e1a_rng_matched_ef__seed3407
WAY_CP25,69,0.9874431830219104,0.9908028658625552,0.431720514898506,0.2941238358382485,0.9727195352036128,plate,8,e1a_rng_matched_ef__seed3407
WAY_CP37,69,0.9916643398853696,0.9934333179551156,0.3425325876114346,0.237081081993814,0.9825167084985073,plate,8,e1a_rng_matched_ef__seed3407
WAY_CP4,35,0.9888830661615788,0.9937272615499804,0.3675088080564614,0.2495823082922633,0.976540317382869,plate,8,e1a_rng_matched_ef__seed3407
WAY_CP69,34,0.990316914652037,0.9908600752169228,0.3851763191112702,0.2647223908050387,0.979881889479461,plate,8,e1a_rng_matched_ef__seed3407
WAY_CP9,33,0.9744933442635426,0.978304642955164,0.6066375853884886,0.4199082224928708,0.9468832601572732,plate,8,e1a_rng_matched_ef__seed3407
WAY_B-1_P11,38,0.9906783360537568,0.991124645806928,0.3927725855664338,0.2806024024914219,0.9803263755137512,plate,9,e1a_rng_matched_ef__seed3407
WAY_B-1_P9,35,0.99191950430873,0.9934695853396404,0.3645434076791178,0.2582295720869113,0.9828582203792896,plate,9,e1a_rng_matched_ef__seed3407
WAY_B-2_P1,39,0.9936816638387912,0.994442430866573,0.3134735944846687,0.2173729411965433,0.986706727138906,plate,9,e1a_rng_matched_ef__seed3407
WAY_B-2_P10,36,0.993489745009,0.9940565514112611,0.3257354089251486,0.225484458326244,0.9863771141765812,plate,9,e1a_rng_matched_ef__seed3407
WAY_B-2_P14,38,0.9949221710813724,0.9949911383819252,0.2903799894682469,0.2036429114450363,0.9890670756711796,plate,9,e1a_rng_matched_ef__seed3407
WAY_BP22,38,0.9931449288188496,0.9933037898225582,0.3137955661469362,0.2184304505603099,0.985677070688415,plate,9,e1a_rng_matched_ef__seed3407
WAY_CP13,32,0.986507429057882,0.989739403498154,0.4422680936404931,0.3068443261544361,0.969468958124026,plate,9,e1a_rng_matched_ef__seed3407
WAY_CP14,32,0.9766808554507992,0.9763072717968204,0.6503096092060638,0.4767618612558961,0.9483380127202078,plate,9,e1a_rng_matched_ef__seed3407
WAY_CP26,69,0.9892401530811814,0.991307350944096,0.4014424686118631,0.2806159056729811,0.9767982961001356,plate,9,e1a_rng_matched_ef__seed3407
WAY_CP48,69,0.9903365987393696,0.9945578080771011,0.339736332227427,0.2254461244245247,0.9782344707527928,plate,9,e1a_rng_matched_ef__seed3407
WAY_CP51,35,0.9942013735792192,0.9949104842709854,0.2977233767853269,0.202958031272506,0.9878591585029088,plate,9,e1a_rng_matched_ef__seed3407
WAY_CP8,34,0.9859593162276312,0.9907331710969034,0.4319347930810087,0.3017913878739428,0.9697597639550056,plate,9,e1a_rng_matched_ef__seed3407
WAY_B-1_P3,39,0.993350521608505,0.9935242784099338,0.3441292068222287,0.2294206540697769,0.985726536227457,plate,10,e1a_rng_matched_ef__seed3407
WAY_B-2_P13,35,0.9948611276764824,0.9948209346263122,0.2891562153508134,0.2015454209317207,0.9892390899701968,plate,10,e1a_rng_matched_ef__seed3407
WAY_B-2_P15,38,0.994672530007688,0.994764817532612,0.2964339826669556,0.2044380652047203,0.9886839467620396,plate,10,e1a_rng_matched_ef__seed3407
WAY_B-2_P6,39,0.99220613337577,0.9925074332446906,0.3636838255672415,0.249288320126605,0.9831912226977356,plate,10,e1a_rng_matched_ef__seed3407
WAY_B-2_P8,36,0.9945265990741938,0.9950878042801404,0.2987346892513589,0.1982999595566229,0.988457768325051,plate,10,e1a_rng_matched_ef__seed3407
WAY_BP24,38,0.989731014370463,0.9903835788396108,0.3926301724323073,0.2775680116737814,0.9783231586517462,plate,10,e1a_rng_matched_ef__seed3407
WAY_CP11,33,0.9884226105499008,0.9930416577715644,0.4070972394084512,0.2763701144814479,0.9736621950053804,plate,10,e1a_rng_matched_ef__seed3407
WAY_CP31,69,0.9894537061485588,0.9915599597370958,0.3882429595570127,0.2711468427775153,0.9777077486840962,plate,10,e1a_rng_matched_ef__seed3407
WAY_CP34,68,0.9881268265811984,0.991046125192058,0.4231801852188456,0.2865016322510995,0.972915048202678,plate,10,e1a_rng_matched_ef__seed3407
WAY_CP50,33,0.9947606600061594,0.9953888143553316,0.2805573946879159,0.1929620457635825,0.9891575482315732,plate,10,e1a_rng_matched_ef__seed3407
WAY_CP58,35,0.9932710342506326,0.9940788393164464,0.315011192108507,0.2164008865113653,0.9860499156472432,plate,10,e1a_rng_matched_ef__seed3407
WAY_CP60,32,0.9906155501569612,0.9913198929489442,0.3755529597917371,0.2639136278853183,0.9808049468399288,plate,10,e1a_rng_matched_ef__seed3407
WAY_B-1_P4,39,0.9916593982661436,0.993045206672836,0.3797114577002441,0.2496966022995324,0.9825772117272266,plate,11,e1a_rng_matched_ef__seed3407
WAY_B-2_P17,38,0.9939850049759248,0.9943906416136026,0.3155567204950839,0.2227647202990085,0.987332403947714,plate,11,e1a_rng_matched_ef__seed3407
WAY_B-2_P22,35,0.9950001528183332,0.9956881282665292,0.2885474023096477,0.1878980409266122,0.9894120131856304,plate,11,e1a_rng_matched_ef__seed3407
WAY_BP13,39,0.9868857925104508,0.9871559897937108,0.4444534212899388,0.3242493314776577,0.9715404428902203,plate,11,e1a_rng_matched_ef__seed3407
WAY_BP15,36,0.9935122613119302,0.993738902912372,0.3248204450765914,0.2328047810973194,0.9853006206896922,plate,11,e1a_rng_matched_ef__seed3407
WAY_BP6,38,0.988259579347898,0.9884688188261644,0.4359141241635377,0.3153951239403983,0.9732680962157008,plate,11,e1a_rng_matched_ef__seed3407
WAY_CP35,69,0.991456456929645,0.992738757715408,0.3621627803855544,0.247636937977762,0.981498293080044,plate,11,e1a_rng_matched_ef__seed3407
WAY_CP40,68,0.986818346355384,0.9891903606048996,0.4301520747241407,0.3069030427092419,0.9711057525173232,plate,11,e1a_rng_matched_ef__seed3407
WAY_CP49,33,0.9925199191868814,0.9932953851431908,0.3353949525533862,0.2288634339580608,0.9844966342606276,plate,11,e1a_rng_matched_ef__seed3407
WAY_CP5,31,0.9896880510539134,0.9916793937549396,0.3938018674879606,0.2825527591782124,0.9771878142997577,plate,11,e1a_rng_matched_ef__seed3407
WAY_CP52,33,0.9932138454807382,0.994252797195131,0.3229829739175563,0.2177352051787507,0.9857463080477316,plate,11,e1a_rng_matched_ef__seed3407
WAY_CP71,35,0.9937618768424142,0.9941219291469237,0.3117564666628817,0.2170803236623798,0.9867679746411986,plate,11,e1a_rng_matched_ef__seed3407
WAY_B-1_P17,40,0.9935419704816446,0.9936403938188934,0.3436966883924481,0.2400734463112585,0.9856886896818674,plate,0,e1a_rng_matched_ef__seed42
WAY_B-1_P20,38,0.9948875710516392,0.995069080008898,0.2969647051842658,0.2090589982313824,0.9891422389701192,plate,0,e1a_rng_matched_ef__seed42
WAY_B-2_P19,39,0.9941881281687396,0.9945785062519424,0.3143332412499228,0.2083287103156088,0.9874604172160232,plate,0,e1a_rng_matched_ef__seed42
WAY_BP12,38,0.9921263419186002,0.9921631229009722,0.3501672255139305,0.2543567953048254,0.9829714896570738,plate,0,e1a_rng_matched_ef__seed42
WAY_BP18,37,0.9871513592530098,0.9869761268720972,0.4565157716674075,0.3399950216085698,0.9707300388856078,plate,0,e1a_rng_matched_ef__seed42
WAY_CP1,34,0.9891310893736538,0.9903973180706792,0.4113736190878941,0.2903582746431429,0.9767186721920562,plate,0,e1a_rng_matched_ef__seed42
WAY_CP10,35,0.990134514702226,0.9931338113458996,0.3598695203246631,0.2468214809963882,0.978900945582244,plate,0,e1a_rng_matched_ef__seed42
WAY_CP22,34,0.9854978288208206,0.9884945262715676,0.445997550548886,0.308082008152488,0.968592287772894,plate,0,e1a_rng_matched_ef__seed42
WAY_CP36,71,0.981113526841366,0.9827605043073048,0.545261232543661,0.3955268641360108,0.9577715617629214,plate,0,e1a_rng_matched_ef__seed42
WAY_CP43,65,0.99078280677532,0.9934564824848294,0.3621155472812493,0.2440105332209463,0.9799881336487932,plate,0,e1a_rng_matched_ef__seed42
WAY_CP54,33,0.989403056326232,0.9898661698520536,0.399420353574111,0.2894999032567332,0.9778699550474688,plate,0,e1a_rng_matched_ef__seed42
WAY_CP6,31,0.987015786291096,0.989646804717308,0.435210462066821,0.3093329966766214,0.9700399096924336,plate,0,e1a_rng_matched_ef__seed42
WAY_B-1_P15,40,0.9943892881200216,0.9945063575540376,0.3111526435220226,0.2061749494884155,0.9882011604913578,plate,1,e1a_rng_matched_ef__seed42
WAY_B-1_P18,38,0.98642045920267,0.9867204021370896,0.4751417155462779,0.3466980284244471,0.9722811454550604,plate,1,e1a_rng_matched_ef__seed42
WAY_B-2_P18,39,0.988407550342734,0.9889936823323008,0.4355973596859382,0.3143816020784437,0.9758472568014812,plate,1,e1a_rng_matched_ef__seed42
WAY_BP1,37,0.9944757133890896,0.99480528036127,0.2894202170938296,0.2026727367549597,0.9881488559751734,plate,1,e1a_rng_matched_ef__seed42
WAY_BP10,38,0.993940090949958,0.993869491441186,0.302742118302743,0.2138294668147447,0.9868486714043064,plate,1,e1a_rng_matched_ef__seed42
WAY_BP8,36,0.9926092137066364,0.9928629661244552,0.3360088891242744,0.2383921298515035,0.9837259625560504,plate,1,e1a_rng_matched_ef__seed42
WAY_CP12,34,0.9858361679691184,0.9907268588599116,0.4356268168767296,0.2997825530515824,0.9672358939636672,plate,1,e1a_rng_matched_ef__seed42
WAY_CP3,34,0.9884249936397514,0.9917331444691164,0.3852077718325535,0.2662026726917228,0.9748936396966849,plate,1,e1a_rng_matched_ef__seed42
WAY_CP45,64,0.9898304276819077,0.9937853827555694,0.3720832167190471,0.2512432728893646,0.9773426936188544,plate,1,e1a_rng_matched_ef__seed42
WAY_CP46,71,0.9929666743661992,0.9947533242536234,0.3120390329688773,0.2097620341435649,0.983967499115594,plate,1,e1a_rng_matched_ef__seed42
WAY_CP55,33,0.9778452645902148,0.9787592326949536,0.5708013826040084,0.3944352124870688,0.954072340222438,plate,1,e1a_rng_matched_ef__seed42
WAY_CP62,31,0.993847172870862,0.9948814118542229,0.3145823532893563,0.2139570532762497,0.9863451041065442,plate,1,e1a_rng_matched_ef__seed42
WAY_B-1_P13,40,0.9921887584669656,0.9925169638521708,0.3627894352718644,0.2350312976497577,0.9839299688216724,plate,2,e1a_rng_matched_ef__seed42
WAY_B-1_P16,38,0.9941202012041768,0.9945113657096244,0.3164395780188529,0.2177751522746253,0.9878729257355898,plate,2,e1a_rng_matched_ef__seed42
WAY_B-2_P12,39,0.9908045852255496,0.9909560933112416,0.3872439175886295,0.2692713756306675,0.9807753506484044,plate,2,e1a_rng_matched_ef__seed42
WAY_B-2_P5,37,0.994352547427399,0.9945612368861556,0.3055395327569055,0.2092399229355055,0.9883452642754365,plate,2,e1a_rng_matched_ef__seed42
WAY_B-2_P9,38,0.9918392423184264,0.9925849149704724,0.3607666551574737,0.2485860715462377,0.9828721592839776,plate,2,e1a_rng_matched_ef__seed42
WAY_BP5,36,0.9921724941404876,0.9919240594271496,0.3475122033803197,0.2450398360684802,0.9831467240882434,plate,2,e1a_rng_matched_ef__seed42
WAY_CP19,35,0.9776223863060326,0.9762969518892788,0.5580818193059475,0.4019895471780414,0.9525215144294722,plate,2,e1a_rng_matched_ef__seed42
WAY_CP42,63,0.9853070835067124,0.989206729395475,0.4657589181265581,0.317786808549202,0.9666214318323626,plate,2,e1a_rng_matched_ef__seed42
WAY_CP47,71,0.9932676309282084,0.9956508443569946,0.3044957235718326,0.200017892939923,0.9846669611747444,plate,2,e1a_rng_matched_ef__seed42
WAY_CP53,34,0.9925251108454374,0.9929753630606564,0.3407696961332997,0.2445561107783977,0.9839346800973848,plate,2,e1a_rng_matched_ef__seed42
WAY_CP59,33,0.9905215560104592,0.9918641916152195,0.3743339607375081,0.2491204548001376,0.9800883713767616,plate,2,e1a_rng_matched_ef__seed42
WAY_CP63,31,0.99406274734435,0.9945909209496072,0.3003049390143278,0.2013543615589774,0.9877024536689084,plate,2,e1a_rng_matched_ef__seed42
WAY_B-2_P20,38,0.994916857763056,0.9951348392142334,0.293364569691923,0.2073781780682731,0.9887765685789331,plate,3,e1a_rng_matched_ef__seed42
WAY_B-2_P4,40,0.9928500074104818,0.9930535471404158,0.3459235941111379,0.2391185969723675,0.9848892636600964,plate,3,e1a_rng_matched_ef__seed42
WAY_BP14,39,0.990949400827189,0.991516986178289,0.3628767912147958,0.2557848662071446,0.981205475849383,plate,3,e1a_rng_matched_ef__seed42
WAY_BP2,36,0.9941482938346108,0.9941847156237718,0.2925284417487424,0.1999005373351163,0.9878630670063218,plate,3,e1a_rng_matched_ef__seed42
WAY_BP7,38,0.9946125453383576,0.9946585482581448,0.2911690070960726,0.2066112329145118,0.9881119690945572,plate,3,e1a_rng_matched_ef__seed42
WAY_CP15,34,0.9626935498122746,0.9645519285764572,0.898562813157971,0.7041435946838124,0.8998131695003607,plate,3,e1a_rng_matched_ef__seed42
WAY_CP16,35,0.9681678192413768,0.9718204695175604,0.8123629546387905,0.6240994845885554,0.9190541080800824,plate,3,e1a_rng_matched_ef__seed42
WAY_CP28,70,0.9914519881742836,0.992882270259732,0.3595976070887574,0.2523140795665793,0.981332131023088,plate,3,e1a_rng_matched_ef__seed42
WAY_CP29,67,0.9827205567753295,0.9855614454745588,0.4961339605172624,0.3595681152482113,0.9630814824559794,plate,3,e1a_rng_matched_ef__seed42
WAY_CP56,34,0.9916022412358096,0.9918361091504898,0.3554570563796911,0.2475566057266055,0.9823126734994364,plate,3,e1a_rng_matched_ef__seed42
WAY_CP65,33,0.9928735486469706,0.9936870609930746,0.3359099876988154,0.2420788867713762,0.984444695751138,plate,3,e1a_rng_matched_ef__seed42
WAY_CP68,31,0.9903554220332084,0.9909218820007584,0.3766716501904315,0.2589134444646456,0.9802119853247736,plate,3,e1a_rng_matched_ef__seed42
WAY_B-2_P24,38,0.9923023685083392,0.9923474915850052,0.356308667513803,0.2483751267242415,0.9839405788756728,plate,4,e1a_rng_matched_ef__seed42
WAY_B-2_P3,29,0.9938874723204985,0.9946244650052934,0.3152332875424933,0.2151316333368257,0.9873427549874012,plate,4,e1a_rng_matched_ef__seed42
WAY_BP11,40,0.9947084353613644,0.994773686810615,0.2970525487396663,0.2124395621019801,0.9876067692180988,plate,4,e1a_rng_matched_ef__seed42
WAY_BP19,39,0.991852926983963,0.9921135157727304,0.3554572508763056,0.2508388469108795,0.9822113334155044,plate,4,e1a_rng_matched_ef__seed42
WAY_BP4,36,0.9727357631263244,0.9714544975289292,0.5947455698757721,0.4270625030887375,0.944533918626594,plate,4,e1a_rng_matched_ef__seed42
WAY_BP9,38,0.9942514213099636,0.9944160547762392,0.3040997591977856,0.2177579584274463,0.987121188908036,plate,4,e1a_rng_matched_ef__seed42
WAY_CP17,35,0.9896102222574878,0.9914508601550248,0.3929710247395911,0.2819197552788114,0.9772841941082128,plate,4,e1a_rng_matched_ef__seed42
WAY_CP20,34,0.9882539254709024,0.9933867131361253,0.3964749679413488,0.2694059469437792,0.9745835804494234,plate,4,e1a_rng_matched_ef__seed42
WAY_CP30,70,0.986898370144926,0.9900282923627268,0.4337140679359594,0.3046525541468473,0.9707868187304192,plate,4,e1a_rng_matched_ef__seed42
WAY_CP33,67,0.9902284926725036,0.9928042279578396,0.3789451683373369,0.2582763373031014,0.9792052020464486,plate,4,e1a_rng_matched_ef__seed42
WAY_CP57,34,0.9924069183654438,0.9929004087828328,0.3344609063569142,0.2329426407517122,0.9841449138131312,plate,4,e1a_rng_matched_ef__seed42
WAY_CP67,33,0.9898098563919508,0.9898757898989056,0.3980160941823451,0.2840320053871256,0.9784866151068856,plate,4,e1a_rng_matched_ef__seed42
WAY_B-2_P16,37,0.993620122571468,0.9937375272647716,0.3275708193007538,0.2271116655796583,0.9865838215701012,plate,5,e1a_rng_matched_ef__seed42
WAY_B-2_P7,38,0.9949424995946012,0.9952551713674028,0.290582248974198,0.1961566668771734,0.9891470092273856,plate,5,e1a_rng_matched_ef__seed42
WAY_BP20,40,0.9911363671500756,0.9914886178566712,0.3612099532287366,0.2643443960647205,0.980908859708258,plate,5,e1a_rng_matched_ef__seed42
WAY_BP23,39,0.9928578885684658,0.992938756443008,0.3296328542076286,0.2303563553571124,0.984571473173721,plate,5,e1a_rng_matched_ef__seed42
WAY_BP3,37,0.9937907694548356,0.993878178097776,0.308725542950796,0.2124761728248957,0.9867482343436872,plate,5,e1a_rng_matched_ef__seed42
WAY_CP18,35,0.9837578640085758,0.9889106170785756,0.4888623334283257,0.3380260180908451,0.9639427781559318,plate,5,e1a_rng_matched_ef__seed42
WAY_CP21,34,0.9855330815325868,0.9918339117948044,0.3969164672174429,0.2731357065719773,0.9673101545566732,plate,5,e1a_rng_matched_ef__seed42
WAY_CP24,29,0.9857357722051469,0.9880165021436949,0.4524200729084447,0.3178538966293152,0.968837536704216,plate,5,e1a_rng_matched_ef__seed42
WAY_CP38,70,0.992444063911774,0.9939905300305568,0.3315923381303754,0.2298566837851747,0.9828608283794236,plate,5,e1a_rng_matched_ef__seed42
WAY_CP44,67,0.9912969012972142,0.993420105265556,0.353400457488888,0.2350580590306033,0.9799624946293284,plate,5,e1a_rng_matched_ef__seed42
WAY_CP61,34,0.991775081998546,0.9949573845305162,0.3374163958549178,0.2092121438548779,0.980545063171222,plate,5,e1a_rng_matched_ef__seed42
WAY_CP7,33,0.9898601295164716,0.9912413000225584,0.392859480274764,0.2753396437034425,0.9782611552592934,plate,5,e1a_rng_matched_ef__seed42
WAY_B-1_P12,36,0.990647536112452,0.9922252103919328,0.4042419180181814,0.2818193301664872,0.9797875015344673,plate,6,e1a_rng_matched_ef__seed42
WAY_B-1_P14,35,0.9924608146876795,0.992629414429901,0.3576443898042031,0.2334769958104842,0.984470500702992,plate,6,e1a_rng_matched_ef__seed42
WAY_B-1_P21,28,0.9678518478884032,0.9697315935955614,0.7409525944524085,0.501517546042323,0.9328992524634984,plate,6,e1a_rng_matched_ef__seed42
WAY_B-1_P24,40,0.9894488885772188,0.9900596915681008,0.4249532233431499,0.2991412730214712,0.9777277411234966,plate,6,e1a_rng_matched_ef__seed42
WAY_B-1_P6,38,0.9919447680369192,0.9919569444366484,0.3740496770948446,0.2654041766957377,0.9829977567082142,plate,6,e1a_rng_matched_ef__seed42
WAY_B-2_P2,39,0.993536518166804,0.9937646912898672,0.3224583942074628,0.2173775746089828,0.9865859217239938,plate,6,e1a_rng_matched_ef__seed42
WAY_BP16,38,0.993843382855011,0.994178921884586,0.3049604372298752,0.2117661677472412,0.9865443001421996,plate,6,e1a_rng_matched_ef__seed42
WAY_CP2,35,0.9905642155921788,0.9926320379629416,0.3610884930932797,0.2528919433038308,0.9796045321436327,plate,6,e1a_rng_matched_ef__seed42
WAY_CP27,66,0.9906486358106956,0.9922891613673306,0.3706785819624064,0.25444380684007,0.9797234724342938,plate,6,e1a_rng_matched_ef__seed42
WAY_CP39,70,0.9911250880988086,0.9927712078297284,0.3655162685600321,0.259202138560776,0.9802738909985428,plate,6,e1a_rng_matched_ef__seed42
WAY_CP64,34,0.9945665961087038,0.9948547523190638,0.2914149108162481,0.2083825745674976,0.9884078657179638,plate,6,e1a_rng_matched_ef__seed42
WAY_CP70,33,0.9918945498197952,0.9924220026287136,0.3499248563258166,0.2307036060467087,0.9829387582380544,plate,6,e1a_rng_matched_ef__seed42
WAY_B-1_P19,35,0.9931996789278086,0.993477186826252,0.3380585207475105,0.2354257211196091,0.9856339841762408,plate,7,e1a_rng_matched_ef__seed42
WAY_B-1_P22,36,0.9909828937986904,0.9931065977619072,0.3693281455772161,0.2536076571862812,0.9813723167891022,plate,7,e1a_rng_matched_ef__seed42
WAY_B-1_P5,28,0.9926459042450038,0.9930917196709628,0.3576644724652486,0.2486834291893498,0.98457381705716,plate,7,e1a_rng_matched_ef__seed42
WAY_B-1_P8,38,0.9916297894567786,0.992015893394344,0.3775831316133016,0.2650213588560219,0.9825372053652446,plate,7,e1a_rng_matched_ef__seed42
WAY_B-2_P21,39,0.9938719911666944,0.9940297114381204,0.3142255611476472,0.2179748502200337,0.9871958410398408,plate,7,e1a_rng_matched_ef__seed42
WAY_B-2_P23,40,0.9947347864145276,0.9948751146345493,0.2948132888507546,0.2044094159857166,0.9888748835289444,plate,7,e1a_rng_matched_ef__seed42
WAY_BP17,38,0.9922551462838366,0.9925978847299084,0.3384267429131637,0.2317405025867877,0.9834306924375702,plate,7,e1a_rng_matched_ef__seed42
WAY_CP23,35,0.9840199503248692,0.987365501999163,0.478560934724294,0.346481467335604,0.9630618593063864,plate,7,e1a_rng_matched_ef__seed42
WAY_CP32,66,0.9908942718217568,0.99251580549297,0.3714501193385148,0.2617165080070868,0.9804615082064952,plate,7,e1a_rng_matched_ef__seed42
WAY_CP41,70,0.9897831942334212,0.991906454193492,0.388952103282796,0.2688926985469901,0.9772961117260728,plate,7,e1a_rng_matched_ef__seed42
WAY_CP66,34,0.982873585858922,0.9841744286864732,0.5162019848646291,0.3655345072202773,0.9638773487058324,plate,7,e1a_rng_matched_ef__seed42
WAY_CP72,33,0.9853891487368912,0.9857700554800186,0.4811933368379896,0.3410661689384935,0.969014354440512,plate,7,e1a_rng_matched_ef__seed42
WAY_B-1_P1,38,0.9919897188445352,0.9940705219503724,0.3717222794710054,0.2331909008133258,0.983044145720792,plate,8,e1a_rng_matched_ef__seed42
WAY_B-1_P10,22,0.9931566084137192,0.9941619392509544,0.3388852588089526,0.2269468486730412,0.9858469386800168,plate,8,e1a_rng_matched_ef__seed42
WAY_B-1_P2,35,0.9941843700537062,0.9946145411067774,0.3170362724430715,0.2127510367130313,0.9877518445216082,plate,8,e1a_rng_matched_ef__seed42
WAY_B-1_P23,36,0.993375818664343,0.9935101256742846,0.3356475511794621,0.2275917781861217,0.986254069641816,plate,8,e1a_rng_matched_ef__seed42
WAY_B-1_P7,39,0.9928085593812096,0.9935470358395782,0.3494007290543853,0.2426131634205237,0.9850262709367894,plate,8,e1a_rng_matched_ef__seed42
WAY_B-2_P11,38,0.9929970189261832,0.9931026834408808,0.3439184382897436,0.2286424203092439,0.9850469463545702,plate,8,e1a_rng_matched_ef__seed42
WAY_BP21,38,0.9907607482503784,0.9913059818937456,0.3669118225811782,0.2618260929711574,0.9802714660091238,plate,8,e1a_rng_matched_ef__seed42
WAY_CP25,69,0.9872391609805012,0.9908848194734192,0.4345439862246597,0.2942614075179477,0.9722610439788892,plate,8,e1a_rng_matched_ef__seed42
WAY_CP37,69,0.9919139400633796,0.9936525416626109,0.3417356451255224,0.2384467872942647,0.9827952512804216,plate,8,e1a_rng_matched_ef__seed42
WAY_CP4,35,0.9892029314215812,0.9936587868638188,0.3658628829649079,0.2508678628075095,0.9772388785894532,plate,8,e1a_rng_matched_ef__seed42
WAY_CP69,34,0.989389834825886,0.990119215809744,0.4017654185841345,0.2776272360722531,0.978134776871998,plate,8,e1a_rng_matched_ef__seed42
WAY_CP9,33,0.9742908038278066,0.977972925413057,0.6072102533658992,0.4211900116722123,0.9468755575294936,plate,8,e1a_rng_matched_ef__seed42
WAY_B-1_P11,38,0.9905404201359672,0.9910781394504666,0.3958856026965409,0.2816841385138174,0.9800820980842664,plate,9,e1a_rng_matched_ef__seed42
WAY_B-1_P9,35,0.992398206277199,0.9938222711486424,0.3558955601461372,0.2490217136444403,0.983647044661322,plate,9,e1a_rng_matched_ef__seed42
WAY_B-2_P1,39,0.9937493110333192,0.9945692412703232,0.3120511265313511,0.2160487426171873,0.9868131254259068,plate,9,e1a_rng_matched_ef__seed42
WAY_B-2_P10,36,0.9934093152948194,0.9941098047338394,0.3272586983406398,0.2241163849639016,0.9862541119908746,plate,9,e1a_rng_matched_ef__seed42
WAY_B-2_P14,38,0.995090617438653,0.9950232251860902,0.2859949723215597,0.1985916038891216,0.9893872429845172,plate,9,e1a_rng_matched_ef__seed42
WAY_BP22,38,0.9930738592816796,0.993205956884846,0.3150745658541265,0.2182524706171484,0.985559545726051,plate,9,e1a_rng_matched_ef__seed42
WAY_CP13,32,0.9870832479376982,0.9900527456230972,0.4333777789863749,0.301609442837824,0.9699287417461072,plate,9,e1a_rng_matched_ef__seed42
WAY_CP14,32,0.972727039186587,0.9722511040137422,0.728294407636705,0.5549379437576198,0.9360799341054205,plate,9,e1a_rng_matched_ef__seed42
WAY_CP26,69,0.989083845954241,0.9909850902175198,0.4040419782480791,0.2842601648532603,0.9766281669946364,plate,9,e1a_rng_matched_ef__seed42
WAY_CP48,69,0.990468094656078,0.9945383363500552,0.3372690320958249,0.2247925880143326,0.9787063045274595,plate,9,e1a_rng_matched_ef__seed42
WAY_CP51,35,0.9944180515184649,0.9950535035819076,0.2934080679301081,0.2020906178625092,0.9882060858350892,plate,9,e1a_rng_matched_ef__seed42
WAY_CP8,34,0.9854862548908416,0.9902329329545688,0.4392578595613401,0.3073979308423386,0.968569269629422,plate,9,e1a_rng_matched_ef__seed42
WAY_B-1_P3,39,0.9928703823405204,0.9930567617479142,0.3561600814512644,0.2415309077775706,0.9847135738065276,plate,10,e1a_rng_matched_ef__seed42
WAY_B-2_P13,35,0.9952618869991492,0.9953100287179166,0.2781975917398143,0.194287593219909,0.9900391689797317,plate,10,e1a_rng_matched_ef__seed42
WAY_B-2_P15,38,0.9949229031026966,0.995079204956641,0.2926777163863859,0.2009951277825414,0.9889591375672188,plate,10,e1a_rng_matched_ef__seed42
WAY_B-2_P6,39,0.9919371063295692,0.9920652505869162,0.3688311107019151,0.2505529513278684,0.9827017949918108,plate,10,e1a_rng_matched_ef__seed42
WAY_B-2_P8,36,0.9943670407987713,0.9949177422320454,0.3020636595811392,0.2006068552158311,0.988197181253496,plate,10,e1a_rng_matched_ef__seed42
WAY_BP24,38,0.9901390236530468,0.990715308684364,0.3864778027081798,0.2737547791094316,0.978987302410032,plate,10,e1a_rng_matched_ef__seed42
WAY_CP11,33,0.9880897651001554,0.993202384005208,0.4113432422867313,0.2760442631541835,0.972562854214081,plate,10,e1a_rng_matched_ef__seed42
WAY_CP31,69,0.9897725962811468,0.991762958693404,0.3838907484236635,0.2680292321273065,0.9782559989081698,plate,10,e1a_rng_matched_ef__seed42
WAY_CP34,68,0.9876044837804278,0.9907907599172288,0.431882061028014,0.2930446814705499,0.9722446934524172,plate,10,e1a_rng_matched_ef__seed42
WAY_CP50,33,0.994887380652634,0.9953363389790184,0.2781609810821636,0.1914477585122704,0.9893408805646292,plate,10,e1a_rng_matched_ef__seed42
WAY_CP58,35,0.9934241192756704,0.9941399622331154,0.3119056383904626,0.2141862775063803,0.9863464359862244,plate,10,e1a_rng_matched_ef__seed42
WAY_CP60,32,0.9907918467672292,0.991532287703172,0.374108188365271,0.2590801166852627,0.980944821090581,plate,10,e1a_rng_matched_ef__seed42
WAY_B-1_P4,39,0.9915141308617742,0.992644017273291,0.3823736029493683,0.2570532492427652,0.9823389818830106,plate,11,e1a_rng_matched_ef__seed42
WAY_B-2_P17,38,0.9935138066983488,0.9939708676666144,0.3290604184455207,0.2322103633604408,0.986233402195277,plate,11,e1a_rng_matched_ef__seed42
WAY_B-2_P22,35,0.9951674090688862,0.995791140854242,0.284232224814138,0.1855837618762325,0.9897167029210968,plate,11,e1a_rng_matched_ef__seed42
WAY_BP13,39,0.9883742851355766,0.9884647981699718,0.4219687372023722,0.3077212635512601,0.9743534600949652,plate,11,e1a_rng_matched_ef__seed42
WAY_BP15,36,0.9931078981582157,0.9931450636399723,0.3350443366451636,0.2414487802900096,0.98436364282018,plate,11,e1a_rng_matched_ef__seed42
WAY_BP6,38,0.9883393831885968,0.9886030359759944,0.4211762063429829,0.2991476166588075,0.975052626866072,plate,11,e1a_rng_matched_ef__seed42
WAY_CP35,69,0.991783720044245,0.9928115558385092,0.3555502129647757,0.2399002333300808,0.9820026293127216,plate,11,e1a_rng_matched_ef__seed42
WAY_CP40,68,0.9867715460269372,0.9893728362026878,0.4282792734980717,0.3053148391002599,0.9710989892055366,plate,11,e1a_rng_matched_ef__seed42
WAY_CP49,33,0.9928595122500068,0.9936370810588068,0.3284533384410436,0.2168538387027377,0.9851284067147912,plate,11,e1a_rng_matched_ef__seed42
WAY_CP5,31,0.9900187456666042,0.991742918327506,0.3931726183246368,0.2832996103276057,0.9777418862143492,plate,11,e1a_rng_matched_ef__seed42
WAY_CP52,33,0.9930048923220104,0.9940321382708764,0.3275932706976002,0.2211389459478405,0.985334045042486,plate,11,e1a_rng_matched_ef__seed42
WAY_CP71,35,0.993386396221316,0.9936390085069106,0.3171622807367641,0.218854465188678,0.986299587482397,plate,11,e1a_rng_matched_ef__seed42
